-- phpMyAdmin SQL Dump
-- version 5.2.1
-- https://www.phpmyadmin.net/
--
-- Host: 127.0.0.1
-- Generation Time: Mar 22, 2024 at 09:41 AM
-- Server version: 10.4.28-MariaDB
-- PHP Version: 8.2.4

SET SQL_MODE = "NO_AUTO_VALUE_ON_ZERO";
START TRANSACTION;
SET time_zone = "+00:00";


/*!40101 SET @OLD_CHARACTER_SET_CLIENT=@@CHARACTER_SET_CLIENT */;
/*!40101 SET @OLD_CHARACTER_SET_RESULTS=@@CHARACTER_SET_RESULTS */;
/*!40101 SET @OLD_COLLATION_CONNECTION=@@COLLATION_CONNECTION */;
/*!40101 SET NAMES utf8mb4 */;

--
-- Database: `e-school-app`
--

-- --------------------------------------------------------

--
-- Table structure for table `accounts`
--

CREATE TABLE `accounts` (
  `acctID` varchar(10) NOT NULL,
  `acctype` varchar(7) NOT NULL,
  `email` varchar(25) NOT NULL,
  `password` varchar(50) NOT NULL,
  `firstname` varchar(20) NOT NULL,
  `middlename` varchar(20) NOT NULL,
  `lastname` varchar(20) NOT NULL,
  `status` varchar(6) NOT NULL,
  `imageID` varchar(10) NOT NULL
) ENGINE=InnoDB DEFAULT CHARSET=utf8mb4 COLLATE=utf8mb4_general_ci;

--
-- Dumping data for table `accounts`
--

INSERT INTO `accounts` (`acctID`, `acctype`, `email`, `password`, `firstname`, `middlename`, `lastname`, `status`, `imageID`) VALUES
('077e0510', 'student', 'eman@gmail.com', 'eman12345', 'Manolito', 'Paloma', 'Cabactulan', 'Logout', '5bf2cfe9'),
('116bd490', 'student', 'mark@gmail.com', 'mark123', 'Mark', 'Langcay', 'Adduru', 'Logout', 'Tk6Bxe8U'),
('2kFeZ9sd', 'student', 'test@gmail.com', 'test123', 'test', 'test121', 'test', 'offlin', 'ShDZk1ym'),
('43WRp7AF', 'student', 'rose@gmail.com', 'rose123', 'Rosemarie', 'Tambiao', 'Dela Cruz', 'Logout', 'dpUUUDVK'),
('8C4px7jH', 'student', 'jiri@gmail.com', '124', 'jco', 'mdo', 'drigo', 'online', 'SPdrCaPA'),
('8J26Xi2P', 'admin', 'admin@gmail.com', 'admin123', 'Christian James', 'Teraga', 'Tuliao', 'logout', '8J26Xi2P'),
('ced97302', 'student', 'kylePogi1234@gmail.com', 'panget12345', 'Kyle', 'Felis', 'Arellano', 'logout', 'eab83fcf'),
('Cpqve4o0', 'student', 'sarahlyn@gmail.com', 'sarah12345', 'Saralyn', 'Elarde', 'Quilang', 'Logout', 'Eotl2h88'),
('IarYXmNU', 'student', 'test@gmail.com', 'test123', 'test', 'test', 'test', 'offlin', '2kFeZ9sd'),
('Ljs0ssxv', 'student', 'justin@gmail.com', 'justin123456', 'Justin', 'Capoquian', 'Pamparo', 'login', 'Ljs0ssxv'),
('lLpiO905', 'student', 'denden@gmail.com', 'denden123', 'JD', 'Balisi', 'Tumaliuan', 'Logout', 'Tk6Bxe8U'),
('n0JEiBkw', 'student', 'jmac@gmail.com', '12345', 'James', 'Ramirez', 'Stancey', 'offlin', 'n0JEiBkw'),
('SNSBjwH9', 'student', 'accadRENEAL@gmail.com', 'accad123', 'Reneal', 'Cubeta', 'Accad', 'logout', 'SNSBjwH9'),
('T7auNklr', 'student', 'edgar@gmail.com', 'edgar12345', 'Edgar', 'Alipores', 'Bunagan', 'Logout', 'n1wVBqUQ'),
('un2kt7px', 'faculty', 'pamparor@gmail.com', 'rumar123', 'Rumar', 'Capoquian', 'Pamparo', 'online', 'un2kt7p1'),
('VHXQ6s6O', 'student', 'allan@gmail.com', 'Allan123', 'Allan', 'Caranguioan', 'Caluigiran', 'logout', '5fa1a8a3'),
('WhpOtets', 'student', 'Redhorse@gmail.com', 'RH123', 'Red', 'Horse', 'Ito ang laban', 'Logout', 'fyuEUgwl');

-- --------------------------------------------------------

--
-- Table structure for table `choices`
--

CREATE TABLE `choices` (
  `id` int(11) NOT NULL,
  `choicesID` varchar(10) NOT NULL,
  `letter` varchar(2) NOT NULL,
  `content` varchar(100) NOT NULL,
  `correct` tinyint(1) NOT NULL
) ENGINE=InnoDB DEFAULT CHARSET=utf8mb4 COLLATE=utf8mb4_general_ci;

--
-- Dumping data for table `choices`
--

INSERT INTO `choices` (`id`, `choicesID`, `letter`, `content`, `correct`) VALUES
(1, '8Id0U1YF', 'A', 'aaaa', 0),
(2, '8Id0U1YF', 'B', 'bbbbb', 1),
(3, '8Id0U1YF', 'C', 'cccc', 1),
(5, 'OIalRUCA', 'A', 'eeee', 0),
(6, 'OIalRUCA', 'B', 'fffff', 0),
(7, 'OIalRUCA', 'C', 'gggg', 1),
(8, 'OIalRUCA', 'D', 'hhhh', 0),
(9, 'mX7fm8Rd', 'A', 'DSDSD', 0),
(10, 'mX7fm8Rd', 'B', 'SDSDS', 0),
(11, 'mX7fm8Rd', 'C', 'D', 1),
(12, 'mX7fm8Rd', 'D', 'DSDS', 0),
(13, 'vCB6U73X', 'A', 'DSDS', 0),
(14, 'vCB6U73X', 'B', 'DSDS', 0),
(15, 'vCB6U73X', 'C', 'DSDS', 1),
(16, 'vCB6U73X', 'D', 'DDDD', 0),
(17, 'EfrFO1iP', 'A', 'green', 1),
(18, 'EfrFO1iP', 'B', 'yellow', 0),
(19, 'EfrFO1iP', 'C', 'blue', 0),
(20, 'EfrFO1iP', 'D', 'pink', 0),
(21, 'uMW04JPh', 'A', 'Leo', 1),
(22, 'uMW04JPh', 'B', 'Lea', 1),
(23, 'uMW04JPh', 'C', 'ayy', 0),
(24, 'uMW04JPh', 'D', 'wehh', 0),
(25, 'uMW04JPh', 'E', 'dsds', 0),
(26, 'oWGbvF3w', 'A', 'gjjfg', 0),
(27, 'oWGbvF3w', 'B', 'jgfgj', 1),
(28, 'oWGbvF3w', 'C', 'jfgj', 0),
(29, 'oWGbvF3w', 'D', 'thjffg', 0),
(30, 'oWGbvF3w', 'E', 'kyuky', 0),
(31, 'YrtLqXc7', 'A', 'an animal', 1),
(32, 'YrtLqXc7', 'B', 'a plant', 0),
(33, 'YrtLqXc7', 'C', 'a thing', 0),
(34, 'YrtLqXc7', 'D', 'a nothing', 0),
(35, '6HsoVA6w', 'A', 'Rumar pamparo', 1),
(36, '6HsoVA6w', 'B', 'get this', 0),
(37, '6HsoVA6w', 'C', 'omar', 0),
(38, '6HsoVA6w', 'D', 'Rumar pamparo', 1),
(39, 'HwEA6i17', 'B', 'dsdsd', 1),
(40, 'HwEA6i17', 'A', 'dsds', 1),
(41, 'HwEA6i17', 'C', 'sds', 0),
(42, 'HwEA6i17', 'D', 'dsdsd', 0),
(43, 'EOh0GdrX', 'A', 'ddd', 1),
(44, '5znT5aI4', 'D', 'dsd', 0),
(45, 'mVTxL3mM', 'A', 'dsds', 1),
(46, 'EOh0GdrX', 'B', 'ddd', 1),
(47, 'mVTxL3mM', 'B', 'dsdsd', 1),
(48, 'EOh0GdrX', 'C', 'ddd', 0),
(49, 'mVTxL3mM', 'C', 'sdsd', 0),
(50, 'mVTxL3mM', 'D', 'dsds', 0),
(51, 'EOh0GdrX', 'D', 'ddd', 0),
(52, 'D0UpHZfI', 'A', 'dsds', 1),
(53, 'zyQPWPsh', 'A', 'dsdsd', 1),
(54, 'D0UpHZfI', 'B', 'dsdsd', 1),
(55, 'D0UpHZfI', 'C', 'sds', 0),
(56, 'zyQPWPsh', 'B', 'sds', 1),
(57, 'D0UpHZfI', 'D', 'dsdds', 0),
(58, 'zyQPWPsh', 'C', 'dsds', 0),
(59, 'WNjEOJEW', 'A', 'dsd', 1),
(60, 'zyQPWPsh', 'D', 'dsdsd', 0),
(61, 'WNjEOJEW', 'B', 'sdsdsd', 1),
(62, 'WNjEOJEW', 'C', 'sdsd', 0),
(63, '3NlXsJTs', 'A', 'dsds', 0),
(64, 'WNjEOJEW', 'D', 'dsds', 0),
(65, '3NlXsJTs', 'B', 'dsdsd', 0),
(66, 'sVFR0jcv', 'A', 'dsd', 0),
(67, '3NlXsJTs', 'C', 'sdsd', 1),
(68, 'sVFR0jcv', 'B', 'sdsds', 1),
(69, '3NlXsJTs', 'D', 'dsdsd', 1),
(70, 'sVFR0jcv', 'C', 'dsdsd', 1),
(71, 'sVFR0jcv', 'D', 'dsds', 0),
(72, 'V90ODOhH', 'A', 'dsd', 1),
(73, 'V90ODOhH', 'B', 'sdsdsd', 0),
(74, 'lnXTnyJd', 'A', 'dsds', 1),
(75, 'lnXTnyJd', 'B', 'sd', 1),
(76, 'V90ODOhH', 'C', 'sdsd', 1),
(77, 'lnXTnyJd', 'C', 'sdsd', 0),
(78, 'V90ODOhH', 'D', 'dsdsd', 0),
(79, 'lnXTnyJd', 'D', 'sds', 0),
(80, '5znT5aI4', 'A', 'dsds', 1),
(81, 'h0ASJwL1', 'A', 'dsd', 0),
(82, 'h0ASJwL1', 'B', 'sdsd', 0),
(83, '5znT5aI4', 'B', 'dsdsd', 1),
(84, 'h0ASJwL1', 'C', 'dsds', 1),
(85, '5znT5aI4', 'C', 'sdsd', 0),
(86, 'h0ASJwL1', 'D', 'dsds', 1),
(87, 'YAvXGiCn', 'A', 'dsd', 1),
(88, 'YDkFrBgv', 'D', 'dsd', 0),
(89, 'YAvXGiCn', 'B', 'dddd', 1),
(90, 'YAvXGiCn', 'C', 'dd', 0),
(91, 'YAvXGiCn', 'D', 'ffff', 0),
(92, 'YDkFrBgv', 'A', 'dsdsd', 1),
(93, 'YDkFrBgv', 'B', 'dd', 0),
(94, 'YDkFrBgv', 'C', 'dsd', 0),
(95, 'RT1ToWbM', 'C', 'c', 0),
(96, 'RT1ToWbM', 'A', 'a', 1),
(97, 'RT1ToWbM', 'B', 'b', 0),
(98, 'RT1ToWbM', 'D', 'd', 0),
(99, 'ase12312', 'A', 'Aasd', 1),
(100, 'ase12312', 'A', 'Aasd', 1),
(101, 'ase12312', 'A', 'Aasd', 1),
(102, 'ase12312', 'A', 'Aasd', 1),
(103, 'ase12312', 'A', 'Aasd', 1),
(104, '8Id0U1YF', 'A', 'asdad', 0),
(105, '8Id0U1YF', 'A', 'asdad', 0),
(106, '8Id0U1YF', 'A', 'asdad', 0),
(107, '8Id0U1YF', 'A', 'asdad', 0),
(108, '8Id0U1YF', 'A', 'asdad', 0),
(109, '8Id0U1YF', 'A', 'asdad', 0),
(110, '8Id0U1YF', 'A', 'asdad', 0),
(111, '8Id0U1YF', 'A', 'asdad', 0),
(112, '8Id0U1YF', 'A', 'asdasd', 0),
(113, '8Id0U1YF', 'A', 'asdasd', 0),
(114, '8Id0U1YF', 'A', 'asdasd', 0),
(115, '8Id0U1YF', 'A', 'asdasd', 0),
(116, '8Id0U1YF', 'A', 'asdasd', 0),
(117, '8Id0U1YF', 'A', 'asdasd', 0),
(118, '8Id0U1YF', 'A', 'asdasd', 0),
(119, '8Id0U1YF', 'A', 'asdasd', 0),
(120, '8Id0U1YF', 'A', 'asdasd', 0),
(121, '8Id0U1YF', 'A', 'asdasd', 0),
(122, '8Id0U1YF', 'A', 'asdasd', 0),
(123, '8Id0U1YF', 'A', 'asdasd', 0),
(124, '8Id0U1YF', 'A', 'asdasd', 0),
(125, '8Id0U1YF', 'A', 'asdasd', 0),
(126, '8Id0U1YF', 'A', 'asdasd', 0),
(127, '8Id0U1YF', 'A', 'asdasd', 0),
(128, '8Id0U1YF', 'A', 'asdasd', 0),
(129, '8Id0U1YF', 'A', 'asdasd', 0),
(130, '8Id0U1YF', 'A', 'asdasd', 0),
(131, 'C2pvxjPd', 'A', 'Blue', 0),
(132, 'C2pvxjPd', 'B', 'Brown', 1),
(133, 'C2pvxjPd', 'C', 'Red', 0),
(134, 'C2pvxjPd', 'D', 'Green', 0),
(135, 'MJAgSbEC', 'A', '23', 1),
(136, 'MJAgSbEC', 'B', '22', 0),
(137, 'MJAgSbEC', 'C', '21', 0),
(138, 'MJAgSbEC', 'D', '20', 0),
(139, 'DVKMM8l5', 'A', 'green', 0),
(140, 'DVKMM8l5', 'B', 'brown', 0),
(141, 'DVKMM8l5', 'C', 'violet', 1),
(142, 'DVKMM8l5', 'D', 'blue', 0),
(143, 'pQWOSluq', 'A', 'color', 1),
(144, 'pQWOSluq', 'B', 'thing', 0),
(145, 'pQWOSluq', 'C', 'test', 0),
(146, 'pQWOSluq', 'D', 'tesing', 0),
(147, 'ge7FseO5', 'A', 'asdas', 1),
(148, 'ge7FseO5', 'B', 'dsadsa', 0),
(149, 'ge7FseO5', 'C', 'dasd', 0),
(150, 'ge7FseO5', 'D', 'dasds', 0);

-- --------------------------------------------------------

--
-- Table structure for table `class`
--

CREATE TABLE `class` (
  `classID` int(10) NOT NULL,
  `className` varchar(50) NOT NULL,
  `classDesc` varchar(100) NOT NULL,
  `classCode` varchar(10) NOT NULL,
  `membersID` varchar(10) NOT NULL,
  `imageID` varchar(10) NOT NULL,
  `hidden` varchar(5) NOT NULL
) ENGINE=InnoDB DEFAULT CHARSET=utf8mb4 COLLATE=utf8mb4_general_ci;

--
-- Dumping data for table `class`
--

INSERT INTO `class` (`classID`, `className`, `classDesc`, `classCode`, `membersID`, `imageID`, `hidden`) VALUES
(1, 'CAPSTONE 2', 'IT 4C', 'IT 411', 'BiJ456Aj', '5nhHfr52', 'true'),
(2, 'ENTREPRENEURSHIP', 'IT 4B', 'ELECTIVE13', '42d8800e', '5fa1a8a3', 'true'),
(4, 'TRACK ELECTIVE 4', 'IT 4A', '322', '534aa38a', '789053b6', 'false'),
(5, 'dsdsdsds', 'IT 2B', 'IT 412', 'BiJ456Aj', '789053b6', 'false'),
(96, 'PRINCIPLES AND STRATEGIES IN TEACHING', 'IS 1A', 'GEC 12', '0TFZuveP', 'none', 'false'),
(97, 'IT 2B', 'INFORMATION ASSURANCE AND SECURITY 2', 'IT 325', '0TFZuveP', 'none', 'false'),
(98, 'TRACK ELECTIVE 4', 'CS 1B', 'IT 323', '0TFZuveP', 'none', 'false'),
(99, 'SERVICE CULTURE', 'BMMA 1B', 'IT 317', '0TFZuveP', 'none', 'false'),
(100, 'CONTEMPORARY WORLD', 'IT 2D', 'GEC 104', '0TFZuveP', 'none', 'false'),
(101, 'PHYSICAL ACTIVITY TOWARDS HEALTH AND FITNESS II', 'IT 4D', 'PE 12', 'UYN3WU5Z', 'UYN3WU5Z', 'false'),
(102, 'NATIONAL SERVICE TRAINING PROGRAM 2', 'IS 4B', 'NSTP 12', 'faa6cbfa', 'eab83fcf', 'false'),
(118, 'CAPSTONE 1', 'CS 1A', 'it-4c', 'yqfiQbb0', '5nhHfr52', 'true'),
(119, 'ENTREPRENUERSHIP 1', 'IS 1B', 'it-3a', '1d9Mp4Sc', '55WQNwWr', 'false'),
(120, 'INFORMATION ASSURANCE SYSTEM', 'IT 3A', 'it-1a', 'G6pFdeC8', 'qUCIfzNq', 'false'),
(121, 'ADVANCE DATABASE AND EMERGING TECHONOLIGIES', 'IT 4A', 'it-1b', 'B4xPtUgz', '6Xa6RJps', 'false'),
(122, 'ADVANCE DATABASE SYSTEM', 'IS 4B', 'it-4b', 'FiyUQ57t', '31SWSLLW', 'false'),
(136, 'TRY LANG', 'CS 2B', 'TRY LANG', '7rXq0ytX', '7rXq0ytX', 'true'),
(137, 'TEST', 'BMMA 1A', 'TEST', '8rADveS5', '8rADveS5', 'false'),
(138, 'testrintg', 'BMMA 1C', 'testrintg', 'dpUUUDVK', 'dpUUUDVK', 'true'),
(139, 'sample', 'BMMA 4C', 'sample', 'ogrRsg2f', 'ogrRsg2f', 'false'),
(140, '56images', 'BMMA 2B', '56images', 'z4PKmF5V', 'z4PKmF5V', 'false'),
(141, 'tttty', 'BMMA 3A', 'tttty', 'SPdrCaPA', 'SPdrCaPA', 'true'),
(142, 'Newwww', 'IT 1B', 'New123', 'HQRxJ6UB', 'HQRxJ6UB', 'true');

-- --------------------------------------------------------

--
-- Table structure for table `class_list`
--

CREATE TABLE `class_list` (
  `id` int(11) NOT NULL,
  `acctID` varchar(8) NOT NULL,
  `classCode` varchar(10) NOT NULL,
  `hidden` varchar(5) NOT NULL
) ENGINE=InnoDB DEFAULT CHARSET=utf8mb4 COLLATE=utf8mb4_general_ci;

--
-- Dumping data for table `class_list`
--

INSERT INTO `class_list` (`id`, `acctID`, `classCode`, `hidden`) VALUES
(1, 'un2kt7px', 'IT567', 'false'),
(2, 'un2kt7px', 'IT-BT2', 'false'),
(3, 'un2kt7px', 'IT-BT1', 'false'),
(4, 'un2kt7px', 'IT-BT3', 'false'),
(5, 'un2kt7px', 'IT-BT1', 'false'),
(6, 'un2kt7px', 'IT-BT2', 'false'),
(7, 'un2kt7px', 'IT-BT3', 'false'),
(8, 'un2kt7px', 'IT-BT1', 'false'),
(9, 'un2kt7px', 'IT-BT2', 'false'),
(10, 'un2kt7px', 'IT-BT3', 'false'),
(11, 'un2kt7px', 'IT-BT1', 'false'),
(12, 'un2kt7px', 'IT-BT2', 'false'),
(13, 'un2kt7px', 'IT-BT3', 'false'),
(14, 'un2kt7px', 'IT-BT1', 'false'),
(15, 'un2kt7px', 'IT-BT3', 'false'),
(16, 'un2kt7px', 'IT-BT2', 'false'),
(17, 'un2kt7px', 'IT-BT1', 'false'),
(18, 'un2kt7px', 'IT-BT3', 'false'),
(19, 'un2kt7px', 'IT-BT2', 'false'),
(20, 'un2kt7px', 'IT-BT1', 'false'),
(21, 'un2kt7px', 'IT-BT1', 'false'),
(22, 'un2kt7px', 'IT-BT1', 'false'),
(23, 'un2kt7px', 'IT-BT1', 'false'),
(24, 'un2kt7px', 'IT-BT1', 'false'),
(25, 'un2kt7px', 'IT-BT1', 'false'),
(26, 'un2kt7px', 'IT-BT1', 'false'),
(27, 'un2kt7px', 'IT-BT1', 'false'),
(28, 'un2kt7px', 'IT-BT1', 'false'),
(29, 'un2kt7px', 'IT-BT1', 'false'),
(30, 'un2kt7px', 'IT-BT1', 'false'),
(31, 'un2kt7px', 'IT-BT1', 'false'),
(32, 'un2kt7px', 'IT-BT1', 'false'),
(33, 'un2kt7px', 'IT-BT1', 'false'),
(34, 'un2kt7px', 'IT-BT1', 'false'),
(35, 'un2kt7px', 'IT-BT2', 'false'),
(36, 'un2kt7px', 'IT-BT2', 'false'),
(37, 'un2kt7px', 'IT-BT2', 'false'),
(38, 'un2kt7px', 'IT-BT2', 'false'),
(39, 'un2kt7px', 'IT-BT2', 'false'),
(40, 'un2kt7px', 'IT-BT2', 'false'),
(41, 'un2kt7px', 'IT-BT2', 'false'),
(42, 'un2kt7px', 'IT-BT2', 'false'),
(43, 'un2kt7px', 'IT-BT2', 'false'),
(44, 'un2kt7px', 'IT-BT2', 'false'),
(45, 'un2kt7px', 'IT-BT2', 'false'),
(46, 'un2kt7px', 'IT-BT2', 'false'),
(47, 'un2kt7px', 'IT-BT2', 'false'),
(48, 'un2kt7px', 'IT-BT2', 'false'),
(49, 'un2kt7px', 'IT-BT2', 'false'),
(50, 'un2kt7px', 'IT-BT3', 'false'),
(51, 'un2kt7px', 'IT-BT3', 'false'),
(52, 'un2kt7px', 'IT-BT3', 'false'),
(53, 'un2kt7px', 'IT-BT3', 'false'),
(54, 'un2kt7px', 'IT-BT3', 'false'),
(55, 'un2kt7px', 'IT-BT3', 'false'),
(56, 'un2kt7px', 'IT-BT3', 'false'),
(57, 'un2kt7px', 'IT-BT3', 'false'),
(58, 'un2kt7px', 'IT-BT3', 'false'),
(59, 'un2kt7px', 'IT-BT3', 'false'),
(60, 'un2kt7px', 'IT-BT3', 'false'),
(61, 'un2kt7px', 'IT-BT3', 'false'),
(62, 'un2kt7px', 'IT-BT3', 'false'),
(63, 'un2kt7px', 'IT-BT3', 'false'),
(64, 'un2kt7px', 'IT-BT3', 'false'),
(65, 'un2kt7px', 'IT-BT1', 'false'),
(66, 'un2kt7px', 'IT-BT1', 'false'),
(67, 'un2kt7px', 'IT-BT1', 'false'),
(68, 'un2kt7px', 'IT-BT1', 'false'),
(69, 'un2kt7px', 'IT-BT1', 'false'),
(70, 'un2kt7px', 'IT-BT1', 'false'),
(71, 'un2kt7px', 'IT-BT1', 'false'),
(72, 'un2kt7px', 'IT-BT1', 'false'),
(73, 'un2kt7px', 'IT-BT1', 'false'),
(74, 'un2kt7px', 'IT-BT1', 'false'),
(75, 'un2kt7px', 'IT-BT1', 'false'),
(76, 'un2kt7px', 'IT-BT1', 'false'),
(77, 'un2kt7px', 'IT-BT1', 'false'),
(78, 'un2kt7px', 'IT-BT1', 'false'),
(79, 'un2kt7px', 'IT-BT1', 'false'),
(80, 'un2kt7px', 'IT-BT1', 'false'),
(81, 'un2kt7px', 'IT-BT1', 'false'),
(82, 'un2kt7px', 'IT-BT1', 'false'),
(83, 'un2kt7px', 'IT-BT1', 'false'),
(84, 'un2kt7px', 'IT-BT1', 'false'),
(85, 'un2kt7px', 'IT-BT1', 'false'),
(86, 'un2kt7px', 'IT-BT1', 'false'),
(87, 'un2kt7px', 'IT-BT1', 'false'),
(88, 'un2kt7px', 'IT-BT1', 'false'),
(89, 'un2kt7px', 'IT-BT1', 'false'),
(90, 'un2kt7px', 'IT-BT1', 'false'),
(91, 'un2kt7px', 'IT-BT1', 'false'),
(92, 'un2kt7px', 'IT-BT1', 'false'),
(93, 'un2kt7px', 'IT-BT1', 'false'),
(94, 'un2kt7px', 'IT-BT1', 'false'),
(95, 'un2kt7px', 'IT-BT1', 'false'),
(96, 'un2kt7px', 'IT-BT1', 'false'),
(97, 'un2kt7px', 'IT-BT1', 'false'),
(98, 'un2kt7px', 'IT-BT1', 'false'),
(99, 'un2kt7px', 'IT-BT1', 'false'),
(100, 'un2kt7px', 'IT-BT1', 'false'),
(101, 'un2kt7px', 'IT-BT1', 'false'),
(102, 'un2kt7px', 'IT-BT1', 'false'),
(103, 'un2kt7px', 'IT-BT1', 'false'),
(104, 'un2kt7px', 'IT-BT1', 'false'),
(105, 'un2kt7px', 'IT-BT1', 'false'),
(106, 'un2kt7px', 'IT-BT1', 'false'),
(107, 'un2kt7px', 'IT-BT1', 'false'),
(108, 'un2kt7px', 'IT-BT1', 'false'),
(109, 'un2kt7px', 'IT-BT1', 'false'),
(110, 'un2kt7px', 'IT-BT2', 'false'),
(111, 'un2kt7px', 'IT-BT2', 'false'),
(112, 'un2kt7px', 'IT-BT2', 'false'),
(113, 'un2kt7px', 'IT-BT2', 'false'),
(114, 'un2kt7px', 'IT-BT2', 'false'),
(115, 'un2kt7px', 'IT-BT2', 'false'),
(116, 'un2kt7px', 'IT-BT2', 'false'),
(117, 'un2kt7px', 'IT-BT2', 'false'),
(118, 'un2kt7px', 'IT-BT2', 'false'),
(119, 'un2kt7px', 'IT-BT2', 'false'),
(120, 'un2kt7px', 'IT-BT2', 'false'),
(121, 'un2kt7px', 'IT-BT2', 'false'),
(122, 'un2kt7px', 'IT-BT2', 'false'),
(123, 'un2kt7px', 'IT-BT2', 'false'),
(124, 'un2kt7px', 'IT-BT2', 'false'),
(125, 'un2kt7px', 'IT-BT2', 'false'),
(126, 'un2kt7px', 'IT-BT2', 'false'),
(127, 'un2kt7px', 'IT-BT2', 'false'),
(128, 'un2kt7px', 'IT-BT2', 'false'),
(129, 'un2kt7px', 'IT-BT2', 'false'),
(130, 'un2kt7px', 'IT-BT2', 'false'),
(131, 'un2kt7px', 'IT-BT2', 'false'),
(132, 'un2kt7px', 'IT-BT2', 'false'),
(133, 'un2kt7px', 'IT-BT2', 'false'),
(134, 'un2kt7px', 'IT-BT2', 'false'),
(135, 'un2kt7px', 'IT-BT2', 'false'),
(136, 'un2kt7px', 'IT-BT2', 'false'),
(137, 'un2kt7px', 'IT-BT2', 'false'),
(138, 'un2kt7px', 'IT-BT2', 'false'),
(139, 'un2kt7px', 'IT-BT2', 'false'),
(140, 'un2kt7px', 'IT-BT2', 'false'),
(141, 'un2kt7px', 'IT-BT2', 'false'),
(142, 'un2kt7px', 'IT-BT2', 'false'),
(143, 'un2kt7px', 'IT-BT2', 'false'),
(144, 'un2kt7px', 'IT-BT2', 'false'),
(145, 'un2kt7px', 'IT-BT2', 'false'),
(146, 'un2kt7px', 'IT-BT2', 'false'),
(147, 'un2kt7px', 'IT-BT2', 'false'),
(148, 'un2kt7px', 'IT-BT2', 'false'),
(149, 'un2kt7px', 'IT-BT2', 'false'),
(150, 'un2kt7px', 'IT-BT2', 'false'),
(151, 'un2kt7px', 'IT-BT2', 'false'),
(152, 'un2kt7px', 'IT-BT2', 'false'),
(153, 'un2kt7px', 'IT-BT2', 'false'),
(154, 'un2kt7px', 'IT-BT2', 'false'),
(155, 'un2kt7px', 'IT-BT3', 'false'),
(156, 'un2kt7px', 'IT-BT3', 'false'),
(157, 'un2kt7px', 'IT-BT3', 'false'),
(158, 'un2kt7px', 'IT-BT3', 'false'),
(159, 'un2kt7px', 'IT-BT3', 'false'),
(160, 'un2kt7px', 'IT-BT3', 'false'),
(161, 'un2kt7px', 'IT-BT3', 'false'),
(162, 'un2kt7px', 'IT-BT3', 'false'),
(163, 'un2kt7px', 'IT-BT3', 'false'),
(164, 'un2kt7px', 'IT-BT3', 'false'),
(165, 'un2kt7px', 'IT-BT3', 'false'),
(166, 'un2kt7px', 'IT-BT3', 'false'),
(167, 'un2kt7px', 'IT-BT3', 'false'),
(168, 'un2kt7px', 'IT-BT3', 'false'),
(169, 'un2kt7px', 'IT-BT3', 'false'),
(170, 'un2kt7px', 'IT-BT3', 'false'),
(171, 'un2kt7px', 'IT-BT3', 'false'),
(172, 'un2kt7px', 'IT-BT3', 'false'),
(173, 'un2kt7px', 'IT-BT3', 'false'),
(174, 'un2kt7px', 'IT-BT3', 'false'),
(175, 'un2kt7px', 'IT-BT3', 'false'),
(176, 'un2kt7px', 'IT-BT3', 'false'),
(177, 'un2kt7px', 'IT-BT3', 'false'),
(178, 'un2kt7px', 'IT-BT3', 'false'),
(179, 'un2kt7px', 'IT-BT3', 'false'),
(180, 'un2kt7px', 'IT-BT3', 'false'),
(181, 'un2kt7px', 'IT-BT3', 'false'),
(182, 'un2kt7px', 'IT-BT3', 'false'),
(183, 'un2kt7px', 'IT-BT3', 'false'),
(184, 'un2kt7px', 'IT-BT3', 'false'),
(185, 'un2kt7px', 'IT-BT3', 'false'),
(186, 'un2kt7px', 'IT-BT3', 'false'),
(187, 'un2kt7px', 'IT-BT3', 'false'),
(188, 'un2kt7px', 'IT-BT3', 'false'),
(189, 'un2kt7px', 'IT-BT3', 'false'),
(190, 'un2kt7px', 'IT-BT3', 'false'),
(191, 'un2kt7px', 'IT-BT3', 'false'),
(192, 'un2kt7px', 'IT-BT3', 'false'),
(193, 'un2kt7px', 'IT-BT3', 'false'),
(194, 'un2kt7px', 'IT-BT3', 'false'),
(195, 'un2kt7px', 'IT-BT3', 'false'),
(196, 'un2kt7px', 'IT-BT3', 'false'),
(197, 'un2kt7px', 'IT-BT3', 'false'),
(198, 'un2kt7px', 'IT-BT3', 'false'),
(199, 'un2kt7px', 'IT-BT3', 'false'),
(200, 'un2kt7px', 'IT-BT1', 'false'),
(201, 'un2kt7px', 'IT-BT1', 'false'),
(202, 'un2kt7px', 'IT-BT1', 'false'),
(203, 'un2kt7px', 'IT-BT1', 'false'),
(204, 'un2kt7px', 'IT-BT1', 'false'),
(205, 'un2kt7px', 'IT-BT1', 'false'),
(206, 'un2kt7px', 'IT-BT1', 'false'),
(207, 'un2kt7px', 'IT-BT1', 'false'),
(208, 'un2kt7px', 'IT-BT1', 'false'),
(209, 'un2kt7px', 'IT-BT1', 'false'),
(210, 'un2kt7px', 'IT-BT1', 'false'),
(211, 'un2kt7px', 'IT-BT1', 'false'),
(212, 'un2kt7px', 'IT-BT1', 'false'),
(213, 'un2kt7px', 'IT-BT1', 'false'),
(214, 'un2kt7px', 'IT-BT1', 'false'),
(215, 'un2kt7px', 'IT-BT1', 'false'),
(216, 'un2kt7px', 'IT-BT1', 'false'),
(217, 'un2kt7px', 'IT-BT1', 'false'),
(218, 'un2kt7px', 'IT-BT1', 'false'),
(219, 'un2kt7px', 'IT-BT1', 'false'),
(220, 'un2kt7px', 'IT-BT1', 'false'),
(221, 'un2kt7px', 'IT-BT1', 'false'),
(222, 'un2kt7px', 'IT-BT1', 'false'),
(223, 'un2kt7px', 'IT-BT1', 'false'),
(224, 'un2kt7px', 'IT-BT1', 'false'),
(225, 'un2kt7px', 'IT-BT1', 'false'),
(226, 'un2kt7px', 'IT-BT1', 'false'),
(227, 'un2kt7px', 'IT-BT1', 'false'),
(228, 'un2kt7px', 'IT-BT1', 'false'),
(229, 'un2kt7px', 'IT-BT1', 'false'),
(230, 'un2kt7px', 'IT-BT1', 'false'),
(231, 'un2kt7px', 'IT-BT1', 'false'),
(232, 'un2kt7px', 'IT-BT1', 'false'),
(233, 'un2kt7px', 'IT-BT1', 'false'),
(234, 'un2kt7px', 'IT-BT1', 'false'),
(235, 'un2kt7px', 'IT-BT1', 'false'),
(236, 'un2kt7px', 'IT-BT1', 'false'),
(237, 'un2kt7px', 'IT-BT1', 'false'),
(238, 'un2kt7px', 'IT-BT1', 'false'),
(239, 'un2kt7px', 'IT-BT1', 'false'),
(240, 'un2kt7px', 'IT-BT1', 'false'),
(241, 'un2kt7px', 'IT-BT1', 'false'),
(242, 'un2kt7px', 'IT-BT1', 'false'),
(243, 'un2kt7px', 'IT-BT1', 'false'),
(244, 'un2kt7px', 'IT-BT1', 'false'),
(245, 'un2kt7px', 'IT-BT1', 'false'),
(246, 'un2kt7px', 'IT-BT1', 'false'),
(247, 'un2kt7px', 'IT-BT1', 'false'),
(248, 'un2kt7px', 'IT-BT1', 'false'),
(249, 'un2kt7px', 'IT-BT1', 'false'),
(250, 'un2kt7px', 'IT-BT1', 'false'),
(251, 'un2kt7px', 'IT-BT1', 'false'),
(252, 'un2kt7px', 'IT-BT1', 'false'),
(253, 'un2kt7px', 'IT-BT1', 'false'),
(254, 'un2kt7px', 'IT-BT1', 'false'),
(255, 'un2kt7px', 'IT-BT1', 'false'),
(256, 'un2kt7px', 'IT-BT1', 'false'),
(257, 'un2kt7px', 'IT-BT1', 'false'),
(258, 'un2kt7px', 'IT-BT1', 'false'),
(259, 'un2kt7px', 'IT-BT1', 'false'),
(260, 'un2kt7px', 'IT-BT1', 'false'),
(261, 'un2kt7px', 'IT-BT1', 'false'),
(262, 'un2kt7px', 'IT-BT1', 'false'),
(263, 'un2kt7px', 'IT-BT1', 'false'),
(264, 'un2kt7px', 'IT-BT1', 'false'),
(265, 'un2kt7px', 'IT-BT1', 'false'),
(266, 'un2kt7px', 'IT-BT1', 'false'),
(267, 'un2kt7px', 'IT-BT1', 'false'),
(268, 'un2kt7px', 'IT-BT1', 'false'),
(269, 'un2kt7px', 'IT-BT1', 'false'),
(270, 'un2kt7px', 'IT-BT1', 'false'),
(271, 'un2kt7px', 'IT-BT1', 'false'),
(272, 'un2kt7px', 'IT-BT1', 'false'),
(273, 'un2kt7px', 'IT-BT1', 'false'),
(274, 'un2kt7px', 'IT-BT1', 'false'),
(275, 'un2kt7px', 'IT-BT1', 'false'),
(276, 'un2kt7px', 'IT-BT1', 'false'),
(277, 'un2kt7px', 'IT-BT1', 'false'),
(278, 'un2kt7px', 'IT-BT1', 'false'),
(279, 'un2kt7px', 'IT-BT1', 'false'),
(280, 'un2kt7px', 'IT-BT1', 'false'),
(281, 'un2kt7px', 'IT-BT1', 'false'),
(282, 'un2kt7px', 'IT-BT1', 'false'),
(283, 'un2kt7px', 'IT-BT1', 'false'),
(284, 'un2kt7px', 'IT-BT1', 'false'),
(285, 'un2kt7px', 'IT-BT1', 'false'),
(286, 'un2kt7px', 'IT-BT1', 'false'),
(287, 'un2kt7px', 'IT-BT1', 'false'),
(288, 'un2kt7px', 'IT-BT1', 'false'),
(289, 'un2kt7px', 'IT-BT1', 'false'),
(290, 'un2kt7px', 'IT-BT1', 'false'),
(291, 'un2kt7px', 'IT-BT1', 'false'),
(292, 'un2kt7px', 'IT-BT1', 'false'),
(293, 'un2kt7px', 'IT-BT1', 'false'),
(294, 'un2kt7px', 'IT-BT1', 'false'),
(295, 'un2kt7px', 'IT-BT1', 'false'),
(296, 'un2kt7px', 'IT-BT1', 'false'),
(297, 'un2kt7px', 'IT-BT1', 'false'),
(298, 'un2kt7px', 'IT-BT1', 'false'),
(299, 'un2kt7px', 'IT-BT1', 'false'),
(300, 'un2kt7px', 'IT-BT1', 'false'),
(301, 'un2kt7px', 'IT-BT1', 'false'),
(302, 'un2kt7px', 'IT-BT1', 'false'),
(303, 'un2kt7px', 'IT-BT1', 'false'),
(304, 'un2kt7px', 'IT-BT1', 'false'),
(305, 'un2kt7px', 'IT-BT1', 'false'),
(306, 'un2kt7px', 'IT-BT1', 'false'),
(307, 'un2kt7px', 'IT-BT1', 'false'),
(308, 'un2kt7px', 'IT-BT1', 'false'),
(309, 'un2kt7px', 'IT-BT1', 'false'),
(310, 'un2kt7px', 'IT-BT1', 'false'),
(311, 'un2kt7px', 'IT-BT1', 'false'),
(312, 'un2kt7px', 'IT-BT1', 'false'),
(313, 'un2kt7px', 'IT-BT1', 'false'),
(314, 'un2kt7px', 'IT-BT1', 'false'),
(315, 'un2kt7px', 'IT-BT1', 'false'),
(316, 'un2kt7px', 'IT-BT1', 'false'),
(317, 'un2kt7px', 'IT-BT1', 'false'),
(318, 'un2kt7px', 'IT-BT1', 'false'),
(319, 'un2kt7px', 'IT-BT1', 'false'),
(320, 'un2kt7px', 'IT-BT1', 'false'),
(321, 'un2kt7px', 'IT-BT1', 'false'),
(322, 'un2kt7px', 'IT-BT1', 'false'),
(323, 'un2kt7px', 'IT-BT1', 'false'),
(324, 'un2kt7px', 'IT-BT1', 'false'),
(325, 'un2kt7px', 'IT-BT1', 'false'),
(326, 'un2kt7px', 'IT-BT1', 'false'),
(327, 'un2kt7px', 'IT-BT1', 'false'),
(328, 'un2kt7px', 'IT-BT1', 'false'),
(329, 'un2kt7px', 'IT-BT1', 'false'),
(330, 'un2kt7px', 'IT-BT1', 'false'),
(331, 'un2kt7px', 'IT-BT1', 'false'),
(332, 'un2kt7px', 'IT-BT1', 'false'),
(333, 'un2kt7px', 'IT-BT1', 'false'),
(334, 'un2kt7px', 'IT-BT1', 'false'),
(335, 'un2kt7px', 'IT-BT2', 'false'),
(336, 'un2kt7px', 'IT-BT2', 'false'),
(337, 'un2kt7px', 'IT-BT2', 'false'),
(338, 'un2kt7px', 'IT-BT2', 'false'),
(339, 'un2kt7px', 'IT-BT2', 'false'),
(340, 'un2kt7px', 'IT-BT2', 'false'),
(341, 'un2kt7px', 'IT-BT2', 'false'),
(342, 'un2kt7px', 'IT-BT2', 'false'),
(343, 'un2kt7px', 'IT-BT2', 'false'),
(344, 'un2kt7px', 'IT-BT2', 'false'),
(345, 'un2kt7px', 'IT-BT2', 'false'),
(346, 'un2kt7px', 'IT-BT2', 'false'),
(347, 'un2kt7px', 'IT-BT2', 'false'),
(348, 'un2kt7px', 'IT-BT2', 'false'),
(349, 'un2kt7px', 'IT-BT2', 'false'),
(350, 'un2kt7px', 'IT-BT2', 'false'),
(351, 'un2kt7px', 'IT-BT2', 'false'),
(352, 'un2kt7px', 'IT-BT2', 'false'),
(353, 'un2kt7px', 'IT-BT2', 'false'),
(354, 'un2kt7px', 'IT-BT2', 'false'),
(355, 'un2kt7px', 'IT-BT2', 'false'),
(356, 'un2kt7px', 'IT-BT2', 'false'),
(357, 'un2kt7px', 'IT-BT2', 'false'),
(358, 'un2kt7px', 'IT-BT2', 'false'),
(359, 'un2kt7px', 'IT-BT2', 'false'),
(360, 'un2kt7px', 'IT-BT2', 'false'),
(361, 'un2kt7px', 'IT-BT2', 'false'),
(362, 'un2kt7px', 'IT-BT2', 'false'),
(363, 'un2kt7px', 'IT-BT2', 'false'),
(364, 'un2kt7px', 'IT-BT2', 'false'),
(365, 'un2kt7px', 'IT-BT2', 'false'),
(366, 'un2kt7px', 'IT-BT2', 'false'),
(367, 'un2kt7px', 'IT-BT2', 'false'),
(368, 'un2kt7px', 'IT-BT2', 'false'),
(369, 'un2kt7px', 'IT-BT2', 'false'),
(370, 'un2kt7px', 'IT-BT2', 'false'),
(371, 'un2kt7px', 'IT-BT2', 'false'),
(372, 'un2kt7px', 'IT-BT2', 'false'),
(373, 'un2kt7px', 'IT-BT2', 'false'),
(374, 'un2kt7px', 'IT-BT2', 'false'),
(375, 'un2kt7px', 'IT-BT2', 'false'),
(376, 'un2kt7px', 'IT-BT2', 'false'),
(377, 'un2kt7px', 'IT-BT2', 'false'),
(378, 'un2kt7px', 'IT-BT2', 'false'),
(379, 'un2kt7px', 'IT-BT2', 'false'),
(380, 'un2kt7px', 'IT-BT2', 'false'),
(381, 'un2kt7px', 'IT-BT2', 'false'),
(382, 'un2kt7px', 'IT-BT2', 'false'),
(383, 'un2kt7px', 'IT-BT2', 'false'),
(384, 'un2kt7px', 'IT-BT2', 'false'),
(385, 'un2kt7px', 'IT-BT2', 'false'),
(386, 'un2kt7px', 'IT-BT2', 'false'),
(387, 'un2kt7px', 'IT-BT2', 'false'),
(388, 'un2kt7px', 'IT-BT2', 'false'),
(389, 'un2kt7px', 'IT-BT2', 'false'),
(390, 'un2kt7px', 'IT-BT2', 'false'),
(391, 'un2kt7px', 'IT-BT2', 'false'),
(392, 'un2kt7px', 'IT-BT2', 'false'),
(393, 'un2kt7px', 'IT-BT2', 'false'),
(394, 'un2kt7px', 'IT-BT2', 'false'),
(395, 'un2kt7px', 'IT-BT2', 'false'),
(396, 'un2kt7px', 'IT-BT2', 'false'),
(397, 'un2kt7px', 'IT-BT2', 'false'),
(398, 'un2kt7px', 'IT-BT2', 'false'),
(399, 'un2kt7px', 'IT-BT2', 'false'),
(400, 'un2kt7px', 'IT-BT2', 'false'),
(401, 'un2kt7px', 'IT-BT2', 'false'),
(402, 'un2kt7px', 'IT-BT2', 'false'),
(403, 'un2kt7px', 'IT-BT2', 'false'),
(404, 'un2kt7px', 'IT-BT2', 'false'),
(405, 'un2kt7px', 'IT-BT2', 'false'),
(406, 'un2kt7px', 'IT-BT2', 'false'),
(407, 'un2kt7px', 'IT-BT2', 'false'),
(408, 'un2kt7px', 'IT-BT2', 'false'),
(409, 'un2kt7px', 'IT-BT2', 'false'),
(410, 'un2kt7px', 'IT-BT2', 'false'),
(411, 'un2kt7px', 'IT-BT2', 'false'),
(412, 'un2kt7px', 'IT-BT2', 'false'),
(413, 'un2kt7px', 'IT-BT2', 'false'),
(414, 'un2kt7px', 'IT-BT2', 'false'),
(415, 'un2kt7px', 'IT-BT2', 'false'),
(416, 'un2kt7px', 'IT-BT2', 'false'),
(417, 'un2kt7px', 'IT-BT2', 'false'),
(418, 'un2kt7px', 'IT-BT2', 'false'),
(419, 'un2kt7px', 'IT-BT2', 'false'),
(420, 'un2kt7px', 'IT-BT2', 'false'),
(421, 'un2kt7px', 'IT-BT2', 'false'),
(422, 'un2kt7px', 'IT-BT2', 'false'),
(423, 'un2kt7px', 'IT-BT2', 'false'),
(424, 'un2kt7px', 'IT-BT2', 'false'),
(425, 'un2kt7px', 'IT-BT2', 'false'),
(426, 'un2kt7px', 'IT-BT2', 'false'),
(427, 'un2kt7px', 'IT-BT2', 'false'),
(428, 'un2kt7px', 'IT-BT2', 'false'),
(429, 'un2kt7px', 'IT-BT2', 'false'),
(430, 'un2kt7px', 'IT-BT2', 'false'),
(431, 'un2kt7px', 'IT-BT2', 'false'),
(432, 'un2kt7px', 'IT-BT2', 'false'),
(433, 'un2kt7px', 'IT-BT2', 'false'),
(434, 'un2kt7px', 'IT-BT2', 'false'),
(435, 'un2kt7px', 'IT-BT2', 'false'),
(436, 'un2kt7px', 'IT-BT2', 'false'),
(437, 'un2kt7px', 'IT-BT2', 'false'),
(438, 'un2kt7px', 'IT-BT2', 'false'),
(439, 'un2kt7px', 'IT-BT2', 'false'),
(440, 'un2kt7px', 'IT-BT2', 'false'),
(441, 'un2kt7px', 'IT-BT2', 'false'),
(442, 'un2kt7px', 'IT-BT2', 'false'),
(443, 'un2kt7px', 'IT-BT2', 'false'),
(444, 'un2kt7px', 'IT-BT2', 'false'),
(445, 'un2kt7px', 'IT-BT2', 'false'),
(446, 'un2kt7px', 'IT-BT2', 'false'),
(447, 'un2kt7px', 'IT-BT2', 'false'),
(448, 'un2kt7px', 'IT-BT2', 'false'),
(449, 'un2kt7px', 'IT-BT2', 'false'),
(450, 'un2kt7px', 'IT-BT2', 'false'),
(451, 'un2kt7px', 'IT-BT2', 'false'),
(452, 'un2kt7px', 'IT-BT2', 'false'),
(453, 'un2kt7px', 'IT-BT2', 'false'),
(454, 'un2kt7px', 'IT-BT2', 'false'),
(455, 'un2kt7px', 'IT-BT2', 'false'),
(456, 'un2kt7px', 'IT-BT2', 'false'),
(457, 'un2kt7px', 'IT-BT2', 'false'),
(458, 'un2kt7px', 'IT-BT2', 'false'),
(459, 'un2kt7px', 'IT-BT2', 'false'),
(460, 'un2kt7px', 'IT-BT2', 'false'),
(461, 'un2kt7px', 'IT-BT2', 'false'),
(462, 'un2kt7px', 'IT-BT2', 'false'),
(463, 'un2kt7px', 'IT-BT2', 'false'),
(464, 'un2kt7px', 'IT-BT2', 'false'),
(465, 'un2kt7px', 'IT-BT2', 'false'),
(466, 'un2kt7px', 'IT-BT2', 'false'),
(467, 'un2kt7px', 'IT-BT2', 'false'),
(468, 'un2kt7px', 'IT-BT2', 'false'),
(469, 'un2kt7px', 'IT-BT2', 'false'),
(470, 'un2kt7px', 'IT-BT3', 'false'),
(471, 'un2kt7px', 'IT-BT3', 'false'),
(472, 'un2kt7px', 'IT-BT3', 'false'),
(473, 'un2kt7px', 'IT-BT3', 'false'),
(474, 'un2kt7px', 'IT-BT3', 'false'),
(475, 'un2kt7px', 'IT-BT3', 'false'),
(476, 'un2kt7px', 'IT-BT3', 'false'),
(477, 'un2kt7px', 'IT-BT3', 'false'),
(478, 'un2kt7px', 'IT-BT3', 'false'),
(479, 'un2kt7px', 'IT-BT3', 'false'),
(480, 'un2kt7px', 'IT-BT3', 'false'),
(481, 'un2kt7px', 'IT-BT3', 'false'),
(482, 'un2kt7px', 'IT-BT3', 'false'),
(483, 'un2kt7px', 'IT-BT3', 'false'),
(484, 'un2kt7px', 'IT-BT3', 'false'),
(485, 'un2kt7px', 'IT-BT3', 'false'),
(486, 'un2kt7px', 'IT-BT3', 'false'),
(487, 'un2kt7px', 'IT-BT3', 'false'),
(488, 'un2kt7px', 'IT-BT3', 'false'),
(489, 'un2kt7px', 'IT-BT3', 'false'),
(490, 'un2kt7px', 'IT-BT3', 'false'),
(491, 'un2kt7px', 'IT-BT3', 'false'),
(492, 'un2kt7px', 'IT-BT3', 'false'),
(493, 'un2kt7px', 'IT-BT3', 'false'),
(494, 'un2kt7px', 'IT-BT3', 'false'),
(495, 'un2kt7px', 'IT-BT3', 'false'),
(496, 'un2kt7px', 'IT-BT3', 'false'),
(497, 'un2kt7px', 'IT-BT3', 'false'),
(498, 'un2kt7px', 'IT-BT3', 'false'),
(499, 'un2kt7px', 'IT-BT3', 'false'),
(500, 'un2kt7px', 'IT-BT3', 'false'),
(501, 'un2kt7px', 'IT-BT3', 'false'),
(502, 'un2kt7px', 'IT-BT3', 'false'),
(503, 'un2kt7px', 'IT-BT3', 'false'),
(504, 'un2kt7px', 'IT-BT3', 'false'),
(505, 'un2kt7px', 'IT-BT3', 'false'),
(506, 'un2kt7px', 'IT-BT3', 'false'),
(507, 'un2kt7px', 'IT-BT3', 'false'),
(508, 'un2kt7px', 'IT-BT3', 'false'),
(509, 'un2kt7px', 'IT-BT3', 'false'),
(510, 'un2kt7px', 'IT-BT3', 'false'),
(511, 'un2kt7px', 'IT-BT3', 'false'),
(512, 'un2kt7px', 'IT-BT3', 'false'),
(513, 'un2kt7px', 'IT-BT3', 'false'),
(514, 'un2kt7px', 'IT-BT3', 'false'),
(515, 'un2kt7px', 'IT-BT3', 'false'),
(516, 'un2kt7px', 'IT-BT3', 'false'),
(517, 'un2kt7px', 'IT-BT3', 'false'),
(518, 'un2kt7px', 'IT-BT3', 'false'),
(519, 'un2kt7px', 'IT-BT3', 'false'),
(520, 'un2kt7px', 'IT-BT3', 'false'),
(521, 'un2kt7px', 'IT-BT3', 'false'),
(522, 'un2kt7px', 'IT-BT3', 'false'),
(523, 'un2kt7px', 'IT-BT3', 'false'),
(524, 'un2kt7px', 'IT-BT3', 'false'),
(525, 'un2kt7px', 'IT-BT3', 'false'),
(526, 'un2kt7px', 'IT-BT3', 'false'),
(527, 'un2kt7px', 'IT-BT3', 'false'),
(528, 'un2kt7px', 'IT-BT3', 'false'),
(529, 'un2kt7px', 'IT-BT3', 'false'),
(530, 'un2kt7px', 'IT-BT3', 'false'),
(531, 'un2kt7px', 'IT-BT3', 'false'),
(532, 'un2kt7px', 'IT-BT3', 'false'),
(533, 'un2kt7px', 'IT-BT3', 'false'),
(534, 'un2kt7px', 'IT-BT3', 'false'),
(535, 'un2kt7px', 'IT-BT3', 'false'),
(536, 'un2kt7px', 'IT-BT3', 'false'),
(537, 'un2kt7px', 'IT-BT3', 'false'),
(538, 'un2kt7px', 'IT-BT3', 'false'),
(539, 'un2kt7px', 'IT-BT3', 'false'),
(540, 'un2kt7px', 'IT-BT3', 'false'),
(541, 'un2kt7px', 'IT-BT3', 'false'),
(542, 'un2kt7px', 'IT-BT3', 'false'),
(543, 'un2kt7px', 'IT-BT3', 'false'),
(544, 'un2kt7px', 'IT-BT3', 'false'),
(545, 'un2kt7px', 'IT-BT3', 'false'),
(546, 'un2kt7px', 'IT-BT3', 'false'),
(547, 'un2kt7px', 'IT-BT3', 'false'),
(548, 'un2kt7px', 'IT-BT3', 'false'),
(549, 'un2kt7px', 'IT-BT3', 'false'),
(550, 'un2kt7px', 'IT-BT3', 'false'),
(551, 'un2kt7px', 'IT-BT3', 'false'),
(552, 'un2kt7px', 'IT-BT3', 'false'),
(553, 'un2kt7px', 'IT-BT3', 'false'),
(554, 'un2kt7px', 'IT-BT3', 'false'),
(555, 'un2kt7px', 'IT-BT3', 'false'),
(556, 'un2kt7px', 'IT-BT3', 'false'),
(557, 'un2kt7px', 'IT-BT3', 'false'),
(558, 'un2kt7px', 'IT-BT3', 'false'),
(559, 'un2kt7px', 'IT-BT3', 'false'),
(560, 'un2kt7px', 'IT-BT3', 'false'),
(561, 'un2kt7px', 'IT-BT3', 'false'),
(562, 'un2kt7px', 'IT-BT3', 'false'),
(563, 'un2kt7px', 'IT-BT3', 'false'),
(564, 'un2kt7px', 'IT-BT3', 'false'),
(565, 'un2kt7px', 'IT-BT3', 'false'),
(566, 'un2kt7px', 'IT-BT3', 'false'),
(567, 'un2kt7px', 'IT-BT3', 'false'),
(568, 'un2kt7px', 'IT-BT3', 'false'),
(569, 'un2kt7px', 'IT-BT3', 'false'),
(570, 'un2kt7px', 'IT-BT3', 'false'),
(571, 'un2kt7px', 'IT-BT3', 'false'),
(572, 'un2kt7px', 'IT-BT3', 'false'),
(573, 'un2kt7px', 'IT-BT3', 'false'),
(574, 'un2kt7px', 'IT-BT3', 'false'),
(575, 'un2kt7px', 'IT-BT3', 'false'),
(576, 'un2kt7px', 'IT-BT3', 'false'),
(577, 'un2kt7px', 'IT-BT3', 'false'),
(578, 'un2kt7px', 'IT-BT3', 'false'),
(579, 'un2kt7px', 'IT-BT3', 'false'),
(580, 'un2kt7px', 'IT-BT3', 'false'),
(581, 'un2kt7px', 'IT-BT3', 'false'),
(582, 'un2kt7px', 'IT-BT3', 'false'),
(583, 'un2kt7px', 'IT-BT3', 'false'),
(584, 'un2kt7px', 'IT-BT3', 'false'),
(585, 'un2kt7px', 'IT-BT3', 'false'),
(586, 'un2kt7px', 'IT-BT3', 'false'),
(587, 'un2kt7px', 'IT-BT3', 'false'),
(588, 'un2kt7px', 'IT-BT3', 'false'),
(589, 'un2kt7px', 'IT-BT3', 'false'),
(590, 'un2kt7px', 'IT-BT3', 'false'),
(591, 'un2kt7px', 'IT-BT3', 'false'),
(592, 'un2kt7px', 'IT-BT3', 'false'),
(593, 'un2kt7px', 'IT-BT3', 'false'),
(594, 'un2kt7px', 'IT-BT3', 'false'),
(595, 'un2kt7px', 'IT-BT3', 'false'),
(596, 'un2kt7px', 'IT-BT3', 'false'),
(597, 'un2kt7px', 'IT-BT3', 'false'),
(598, 'un2kt7px', 'IT-BT3', 'false'),
(599, 'un2kt7px', 'IT-BT3', 'false'),
(600, 'un2kt7px', 'IT-BT3', 'false'),
(601, 'un2kt7px', 'IT-BT3', 'false'),
(602, 'un2kt7px', 'IT-BT3', 'false'),
(603, 'un2kt7px', 'IT-BT3', 'false'),
(604, 'un2kt7px', 'IT-BT3', 'false'),
(605, 'un2kt7px', 'IT-BT1', 'false'),
(606, 'un2kt7px', 'IT-BT1', 'false'),
(607, 'un2kt7px', 'IT-BT1', 'false'),
(608, 'un2kt7px', 'IT-BT1', 'false'),
(609, 'un2kt7px', 'IT-BT1', 'false'),
(610, 'un2kt7px', 'IT-BT1', 'false'),
(611, 'un2kt7px', 'IT-BT1', 'false'),
(612, 'un2kt7px', 'IT-BT1', 'false'),
(613, 'un2kt7px', 'IT-BT1', 'false'),
(614, 'un2kt7px', 'IT-BT1', 'false'),
(615, 'un2kt7px', 'IT-BT1', 'false'),
(616, 'un2kt7px', 'IT-BT1', 'false'),
(617, 'un2kt7px', 'IT-BT1', 'false'),
(618, 'un2kt7px', 'IT-BT1', 'false'),
(619, 'un2kt7px', 'IT-BT1', 'false'),
(620, 'un2kt7px', 'IT-BT1', 'false'),
(621, 'un2kt7px', 'IT-BT1', 'false'),
(622, 'un2kt7px', 'IT-BT1', 'false'),
(623, 'un2kt7px', 'IT-BT1', 'false'),
(624, 'un2kt7px', 'IT-BT1', 'false'),
(625, 'un2kt7px', 'IT-BT1', 'false'),
(626, 'un2kt7px', 'IT-BT1', 'false'),
(627, 'un2kt7px', 'IT-BT1', 'false'),
(628, 'un2kt7px', 'IT-BT1', 'false'),
(629, 'un2kt7px', 'IT-BT1', 'false'),
(630, 'un2kt7px', 'IT-BT1', 'false'),
(631, 'un2kt7px', 'IT-BT1', 'false'),
(632, 'un2kt7px', 'IT-BT1', 'false'),
(633, 'un2kt7px', 'IT-BT1', 'false'),
(634, 'un2kt7px', 'IT-BT1', 'false'),
(635, 'un2kt7px', 'IT-BT1', 'false'),
(636, 'un2kt7px', 'IT-BT1', 'false'),
(637, 'un2kt7px', 'IT-BT1', 'false'),
(638, 'un2kt7px', 'IT-BT1', 'false'),
(639, 'un2kt7px', 'IT-BT1', 'false'),
(640, 'un2kt7px', 'IT-BT1', 'false'),
(641, 'un2kt7px', 'IT-BT1', 'false'),
(642, 'un2kt7px', 'IT-BT1', 'false'),
(643, 'un2kt7px', 'IT-BT1', 'false'),
(644, 'un2kt7px', 'IT-BT1', 'false'),
(645, 'un2kt7px', 'IT-BT1', 'false'),
(646, 'un2kt7px', 'IT-BT1', 'false'),
(647, 'un2kt7px', 'IT-BT1', 'false'),
(648, 'un2kt7px', 'IT-BT1', 'false'),
(649, 'un2kt7px', 'IT-BT1', 'false'),
(650, 'un2kt7px', 'IT-BT1', 'false'),
(651, 'un2kt7px', 'IT-BT1', 'false'),
(652, 'un2kt7px', 'IT-BT1', 'false'),
(653, 'un2kt7px', 'IT-BT1', 'false'),
(654, 'un2kt7px', 'IT-BT1', 'false'),
(655, 'un2kt7px', 'IT-BT1', 'false'),
(656, 'un2kt7px', 'IT-BT1', 'false'),
(657, 'un2kt7px', 'IT-BT1', 'false'),
(658, 'un2kt7px', 'IT-BT1', 'false'),
(659, 'un2kt7px', 'IT-BT1', 'false'),
(660, 'un2kt7px', 'IT-BT1', 'false'),
(661, 'un2kt7px', 'IT-BT1', 'false'),
(662, 'un2kt7px', 'IT-BT1', 'false'),
(663, 'un2kt7px', 'IT-BT1', 'false'),
(664, 'un2kt7px', 'IT-BT1', 'false'),
(665, 'un2kt7px', 'IT-BT1', 'false'),
(666, 'un2kt7px', 'IT-BT1', 'false'),
(667, 'un2kt7px', 'IT-BT1', 'false'),
(668, 'un2kt7px', 'IT-BT1', 'false'),
(669, 'un2kt7px', 'IT-BT1', 'false'),
(670, 'un2kt7px', 'IT-BT1', 'false'),
(671, 'un2kt7px', 'IT-BT1', 'false'),
(672, 'un2kt7px', 'IT-BT1', 'false'),
(673, 'un2kt7px', 'IT-BT1', 'false'),
(674, 'un2kt7px', 'IT-BT1', 'false'),
(675, 'un2kt7px', 'IT-BT1', 'false'),
(676, 'un2kt7px', 'IT-BT1', 'false'),
(677, 'un2kt7px', 'IT-BT1', 'false'),
(678, 'un2kt7px', 'IT-BT1', 'false'),
(679, 'un2kt7px', 'IT-BT1', 'false'),
(680, 'un2kt7px', 'IT-BT1', 'false'),
(681, 'un2kt7px', 'IT-BT1', 'false'),
(682, 'un2kt7px', 'IT-BT1', 'false'),
(683, 'un2kt7px', 'IT-BT1', 'false'),
(684, 'un2kt7px', 'IT-BT1', 'false'),
(685, 'un2kt7px', 'IT-BT1', 'false'),
(686, 'un2kt7px', 'IT-BT1', 'false'),
(687, 'un2kt7px', 'IT-BT1', 'false'),
(688, 'un2kt7px', 'IT-BT1', 'false'),
(689, 'un2kt7px', 'IT-BT1', 'false'),
(690, 'un2kt7px', 'IT-BT1', 'false'),
(691, 'un2kt7px', 'IT-BT1', 'false'),
(692, 'un2kt7px', 'IT-BT1', 'false'),
(693, 'un2kt7px', 'IT-BT1', 'false'),
(694, 'un2kt7px', 'IT-BT1', 'false'),
(695, 'un2kt7px', 'IT-BT1', 'false'),
(696, 'un2kt7px', 'IT-BT1', 'false'),
(697, 'un2kt7px', 'IT-BT1', 'false'),
(698, 'un2kt7px', 'IT-BT1', 'false'),
(699, 'un2kt7px', 'IT-BT1', 'false'),
(700, 'un2kt7px', 'IT-BT1', 'false'),
(701, 'un2kt7px', 'IT-BT1', 'false'),
(702, 'un2kt7px', 'IT-BT1', 'false'),
(703, 'un2kt7px', 'IT-BT1', 'false'),
(704, 'un2kt7px', 'IT-BT1', 'false'),
(705, 'un2kt7px', 'IT-BT1', 'false'),
(706, 'un2kt7px', 'IT-BT1', 'false'),
(707, 'un2kt7px', 'IT-BT1', 'false'),
(708, 'un2kt7px', 'IT-BT1', 'false'),
(709, 'un2kt7px', 'IT-BT1', 'false'),
(710, 'un2kt7px', 'IT-BT1', 'false'),
(711, 'un2kt7px', 'IT-BT1', 'false'),
(712, 'un2kt7px', 'IT-BT1', 'false'),
(713, 'un2kt7px', 'IT-BT1', 'false'),
(714, 'un2kt7px', 'IT-BT1', 'false'),
(715, 'un2kt7px', 'IT-BT1', 'false'),
(716, 'un2kt7px', 'IT-BT1', 'false'),
(717, 'un2kt7px', 'IT-BT1', 'false'),
(718, 'un2kt7px', 'IT-BT1', 'false'),
(719, 'un2kt7px', 'IT-BT1', 'false'),
(720, 'un2kt7px', 'IT-BT1', 'false'),
(721, 'un2kt7px', 'IT-BT1', 'false'),
(722, 'un2kt7px', 'IT-BT1', 'false'),
(723, 'un2kt7px', 'IT-BT1', 'false'),
(724, 'un2kt7px', 'IT-BT1', 'false'),
(725, 'un2kt7px', 'IT-BT1', 'false'),
(726, 'un2kt7px', 'IT-BT1', 'false'),
(727, 'un2kt7px', 'IT-BT1', 'false'),
(728, 'un2kt7px', 'IT-BT1', 'false'),
(729, 'un2kt7px', 'IT-BT1', 'false'),
(730, 'un2kt7px', 'IT-BT1', 'false'),
(731, 'un2kt7px', 'IT-BT1', 'false'),
(732, 'un2kt7px', 'IT-BT1', 'false'),
(733, 'un2kt7px', 'IT-BT1', 'false'),
(734, 'un2kt7px', 'IT-BT1', 'false'),
(735, 'un2kt7px', 'IT-BT1', 'false'),
(736, 'un2kt7px', 'IT-BT1', 'false'),
(737, 'un2kt7px', 'IT-BT1', 'false'),
(738, 'un2kt7px', 'IT-BT1', 'false'),
(739, 'un2kt7px', 'IT-BT1', 'false'),
(740, 'un2kt7px', 'IT-BT1', 'false'),
(741, 'un2kt7px', 'IT-BT1', 'false'),
(742, 'un2kt7px', 'IT-BT1', 'false'),
(743, 'un2kt7px', 'IT-BT1', 'false'),
(744, 'un2kt7px', 'IT-BT1', 'false'),
(745, 'un2kt7px', 'IT-BT1', 'false'),
(746, 'un2kt7px', 'IT-BT1', 'false'),
(747, 'un2kt7px', 'IT-BT1', 'false'),
(748, 'un2kt7px', 'IT-BT1', 'false'),
(749, 'un2kt7px', 'IT-BT1', 'false'),
(750, 'un2kt7px', 'IT-BT1', 'false'),
(751, 'un2kt7px', 'IT-BT1', 'false'),
(752, 'un2kt7px', 'IT-BT1', 'false'),
(753, 'un2kt7px', 'IT-BT1', 'false'),
(754, 'un2kt7px', 'IT-BT1', 'false'),
(755, 'un2kt7px', 'IT-BT1', 'false'),
(756, 'un2kt7px', 'IT-BT1', 'false'),
(757, 'un2kt7px', 'IT-BT1', 'false'),
(758, 'un2kt7px', 'IT-BT1', 'false'),
(759, 'un2kt7px', 'IT-BT1', 'false'),
(760, 'un2kt7px', 'IT-BT1', 'false'),
(761, 'un2kt7px', 'IT-BT1', 'false'),
(762, 'un2kt7px', 'IT-BT1', 'false'),
(763, 'un2kt7px', 'IT-BT1', 'false'),
(764, 'un2kt7px', 'IT-BT1', 'false'),
(765, 'un2kt7px', 'IT-BT1', 'false'),
(766, 'un2kt7px', 'IT-BT1', 'false'),
(767, 'un2kt7px', 'IT-BT1', 'false'),
(768, 'un2kt7px', 'IT-BT1', 'false'),
(769, 'un2kt7px', 'IT-BT1', 'false'),
(770, 'un2kt7px', 'IT-BT1', 'false'),
(771, 'un2kt7px', 'IT-BT1', 'false'),
(772, 'un2kt7px', 'IT-BT1', 'false'),
(773, 'un2kt7px', 'IT-BT1', 'false'),
(774, 'un2kt7px', 'IT-BT1', 'false'),
(775, 'un2kt7px', 'IT-BT1', 'false'),
(776, 'un2kt7px', 'IT-BT1', 'false'),
(777, 'un2kt7px', 'IT-BT1', 'false'),
(778, 'un2kt7px', 'IT-BT1', 'false'),
(779, 'un2kt7px', 'IT-BT1', 'false'),
(780, 'un2kt7px', 'IT-BT1', 'false'),
(781, 'un2kt7px', 'IT-BT1', 'false'),
(782, 'un2kt7px', 'IT-BT1', 'false'),
(783, 'un2kt7px', 'IT-BT1', 'false'),
(784, 'un2kt7px', 'IT-BT1', 'false'),
(785, 'un2kt7px', 'IT-BT1', 'false'),
(786, 'un2kt7px', 'IT-BT1', 'false'),
(787, 'un2kt7px', 'IT-BT1', 'false'),
(788, 'un2kt7px', 'IT-BT1', 'false'),
(789, 'un2kt7px', 'IT-BT1', 'false'),
(790, 'un2kt7px', 'IT-BT1', 'false'),
(791, 'un2kt7px', 'IT-BT1', 'false'),
(792, 'un2kt7px', 'IT-BT1', 'false'),
(793, 'un2kt7px', 'IT-BT1', 'false'),
(794, 'un2kt7px', 'IT-BT1', 'false'),
(795, 'un2kt7px', 'IT-BT1', 'false'),
(796, 'un2kt7px', 'IT-BT1', 'false'),
(797, 'un2kt7px', 'IT-BT1', 'false'),
(798, 'un2kt7px', 'IT-BT1', 'false'),
(799, 'un2kt7px', 'IT-BT1', 'false'),
(800, 'un2kt7px', 'IT-BT1', 'false'),
(801, 'un2kt7px', 'IT-BT1', 'false'),
(802, 'un2kt7px', 'IT-BT1', 'false'),
(803, 'un2kt7px', 'IT-BT1', 'false'),
(804, 'un2kt7px', 'IT-BT1', 'false'),
(805, 'un2kt7px', 'IT-BT1', 'false'),
(806, 'un2kt7px', 'IT-BT1', 'false'),
(807, 'un2kt7px', 'IT-BT1', 'false'),
(808, 'un2kt7px', 'IT-BT1', 'false'),
(809, 'un2kt7px', 'IT-BT1', 'false'),
(810, 'un2kt7px', 'IT-BT1', 'false'),
(811, 'un2kt7px', 'IT-BT1', 'false'),
(812, 'un2kt7px', 'IT-BT1', 'false'),
(813, 'un2kt7px', 'IT-BT1', 'false'),
(814, 'un2kt7px', 'IT-BT1', 'false'),
(815, 'un2kt7px', 'IT-BT1', 'false'),
(816, 'un2kt7px', 'IT-BT1', 'false'),
(817, 'un2kt7px', 'IT-BT1', 'false'),
(818, 'un2kt7px', 'IT-BT1', 'false'),
(819, 'un2kt7px', 'IT-BT1', 'false'),
(820, 'un2kt7px', 'IT-BT1', 'false'),
(821, 'un2kt7px', 'IT-BT1', 'false'),
(822, 'un2kt7px', 'IT-BT1', 'false'),
(823, 'un2kt7px', 'IT-BT1', 'false'),
(824, 'un2kt7px', 'IT-BT1', 'false'),
(825, 'un2kt7px', 'IT-BT1', 'false'),
(826, 'un2kt7px', 'IT-BT1', 'false'),
(827, 'un2kt7px', 'IT-BT1', 'false'),
(828, 'un2kt7px', 'IT-BT1', 'false'),
(829, 'un2kt7px', 'IT-BT1', 'false'),
(830, 'un2kt7px', 'IT-BT1', 'false'),
(831, 'un2kt7px', 'IT-BT1', 'false'),
(832, 'un2kt7px', 'IT-BT1', 'false'),
(833, 'un2kt7px', 'IT-BT1', 'false'),
(834, 'un2kt7px', 'IT-BT1', 'false'),
(835, 'un2kt7px', 'IT-BT1', 'false'),
(836, 'un2kt7px', 'IT-BT1', 'false'),
(837, 'un2kt7px', 'IT-BT1', 'false'),
(838, 'un2kt7px', 'IT-BT1', 'false'),
(839, 'un2kt7px', 'IT-BT1', 'false'),
(840, 'un2kt7px', 'IT-BT1', 'false'),
(841, 'un2kt7px', 'IT-BT1', 'false'),
(842, 'un2kt7px', 'IT-BT1', 'false'),
(843, 'un2kt7px', 'IT-BT1', 'false'),
(844, 'un2kt7px', 'IT-BT1', 'false'),
(845, 'un2kt7px', 'IT-BT1', 'false'),
(846, 'un2kt7px', 'IT-BT1', 'false'),
(847, 'un2kt7px', 'IT-BT1', 'false'),
(848, 'un2kt7px', 'IT-BT1', 'false'),
(849, 'un2kt7px', 'IT-BT1', 'false'),
(850, 'un2kt7px', 'IT-BT1', 'false'),
(851, 'un2kt7px', 'IT-BT1', 'false'),
(852, 'un2kt7px', 'IT-BT1', 'false'),
(853, 'un2kt7px', 'IT-BT1', 'false'),
(854, 'un2kt7px', 'IT-BT1', 'false'),
(855, 'un2kt7px', 'IT-BT1', 'false'),
(856, 'un2kt7px', 'IT-BT1', 'false'),
(857, 'un2kt7px', 'IT-BT1', 'false'),
(858, 'un2kt7px', 'IT-BT1', 'false'),
(859, 'un2kt7px', 'IT-BT1', 'false'),
(860, 'un2kt7px', 'IT-BT1', 'false'),
(861, 'un2kt7px', 'IT-BT1', 'false'),
(862, 'un2kt7px', 'IT-BT1', 'false'),
(863, 'un2kt7px', 'IT-BT1', 'false'),
(864, 'un2kt7px', 'IT-BT1', 'false'),
(865, 'un2kt7px', 'IT-BT1', 'false'),
(866, 'un2kt7px', 'IT-BT1', 'false'),
(867, 'un2kt7px', 'IT-BT1', 'false'),
(868, 'un2kt7px', 'IT-BT1', 'false'),
(869, 'un2kt7px', 'IT-BT1', 'false'),
(870, 'un2kt7px', 'IT-BT1', 'false'),
(871, 'un2kt7px', 'IT-BT1', 'false'),
(872, 'un2kt7px', 'IT-BT1', 'false'),
(873, 'un2kt7px', 'IT-BT1', 'false'),
(874, 'un2kt7px', 'IT-BT1', 'false'),
(875, 'un2kt7px', 'IT-BT1', 'false'),
(876, 'un2kt7px', 'IT-BT1', 'false'),
(877, 'un2kt7px', 'IT-BT1', 'false'),
(878, 'un2kt7px', 'IT-BT1', 'false'),
(879, 'un2kt7px', 'IT-BT1', 'false'),
(880, 'un2kt7px', 'IT-BT1', 'false'),
(881, 'un2kt7px', 'IT-BT1', 'false'),
(882, 'un2kt7px', 'IT-BT1', 'false'),
(883, 'un2kt7px', 'IT-BT1', 'false'),
(884, 'un2kt7px', 'IT-BT1', 'false'),
(885, 'un2kt7px', 'IT-BT1', 'false'),
(886, 'un2kt7px', 'IT-BT1', 'false'),
(887, 'un2kt7px', 'IT-BT1', 'false'),
(888, 'un2kt7px', 'IT-BT1', 'false'),
(889, 'un2kt7px', 'IT-BT1', 'false'),
(890, 'un2kt7px', 'IT-BT1', 'false'),
(891, 'un2kt7px', 'IT-BT1', 'false'),
(892, 'un2kt7px', 'IT-BT1', 'false'),
(893, 'un2kt7px', 'IT-BT1', 'false'),
(894, 'un2kt7px', 'IT-BT1', 'false'),
(895, 'un2kt7px', 'IT-BT1', 'false'),
(896, 'un2kt7px', 'IT-BT1', 'false'),
(897, 'un2kt7px', 'IT-BT1', 'false'),
(898, 'un2kt7px', 'IT-BT1', 'false'),
(899, 'un2kt7px', 'IT-BT1', 'false'),
(900, 'un2kt7px', 'IT-BT1', 'false'),
(901, 'un2kt7px', 'IT-BT1', 'false'),
(902, 'un2kt7px', 'IT-BT1', 'false'),
(903, 'un2kt7px', 'IT-BT1', 'false'),
(904, 'un2kt7px', 'IT-BT1', 'false'),
(905, 'un2kt7px', 'IT-BT1', 'false'),
(906, 'un2kt7px', 'IT-BT1', 'false'),
(907, 'un2kt7px', 'IT-BT1', 'false'),
(908, 'un2kt7px', 'IT-BT1', 'false'),
(909, 'un2kt7px', 'IT-BT1', 'false'),
(910, 'un2kt7px', 'IT-BT1', 'false'),
(911, 'un2kt7px', 'IT-BT1', 'false'),
(912, 'un2kt7px', 'IT-BT1', 'false'),
(913, 'un2kt7px', 'IT-BT1', 'false'),
(914, 'un2kt7px', 'IT-BT1', 'false'),
(915, 'un2kt7px', 'IT-BT1', 'false'),
(916, 'un2kt7px', 'IT-BT1', 'false'),
(917, 'un2kt7px', 'IT-BT1', 'false'),
(918, 'un2kt7px', 'IT-BT1', 'false'),
(919, 'un2kt7px', 'IT-BT1', 'false'),
(920, 'un2kt7px', 'IT-BT1', 'false'),
(921, 'un2kt7px', 'IT-BT1', 'false'),
(922, 'un2kt7px', 'IT-BT1', 'false'),
(923, 'un2kt7px', 'IT-BT1', 'false'),
(924, 'un2kt7px', 'IT-BT1', 'false'),
(925, 'un2kt7px', 'IT-BT1', 'false'),
(926, 'un2kt7px', 'IT-BT1', 'false'),
(927, 'un2kt7px', 'IT-BT1', 'false'),
(928, 'un2kt7px', 'IT-BT1', 'false'),
(929, 'un2kt7px', 'IT-BT1', 'false'),
(930, 'un2kt7px', 'IT-BT1', 'false'),
(931, 'un2kt7px', 'IT-BT1', 'false'),
(932, 'un2kt7px', 'IT-BT1', 'false'),
(933, 'un2kt7px', 'IT-BT1', 'false'),
(934, 'un2kt7px', 'IT-BT1', 'false'),
(935, 'un2kt7px', 'IT-BT1', 'false'),
(936, 'un2kt7px', 'IT-BT1', 'false'),
(937, 'un2kt7px', 'IT-BT1', 'false'),
(938, 'un2kt7px', 'IT-BT1', 'false'),
(939, 'un2kt7px', 'IT-BT1', 'false'),
(940, 'un2kt7px', 'IT-BT1', 'false'),
(941, 'un2kt7px', 'IT-BT1', 'false'),
(942, 'un2kt7px', 'IT-BT1', 'false'),
(943, 'un2kt7px', 'IT-BT1', 'false'),
(944, 'un2kt7px', 'IT-BT1', 'false'),
(945, 'un2kt7px', 'IT-BT1', 'false'),
(946, 'un2kt7px', 'IT-BT1', 'false'),
(947, 'un2kt7px', 'IT-BT1', 'false'),
(948, 'un2kt7px', 'IT-BT1', 'false'),
(949, 'un2kt7px', 'IT-BT1', 'false'),
(950, 'un2kt7px', 'IT-BT1', 'false'),
(951, 'un2kt7px', 'IT-BT1', 'false'),
(952, 'un2kt7px', 'IT-BT1', 'false'),
(953, 'un2kt7px', 'IT-BT1', 'false'),
(954, 'un2kt7px', 'IT-BT1', 'false'),
(955, 'un2kt7px', 'IT-BT1', 'false'),
(956, 'un2kt7px', 'IT-BT1', 'false'),
(957, 'un2kt7px', 'IT-BT1', 'false'),
(958, 'un2kt7px', 'IT-BT1', 'false'),
(959, 'un2kt7px', 'IT-BT1', 'false'),
(960, 'un2kt7px', 'IT-BT1', 'false'),
(961, 'un2kt7px', 'IT-BT1', 'false'),
(962, 'un2kt7px', 'IT-BT1', 'false'),
(963, 'un2kt7px', 'IT-BT1', 'false'),
(964, 'un2kt7px', 'IT-BT1', 'false'),
(965, 'un2kt7px', 'IT-BT1', 'false'),
(966, 'un2kt7px', 'IT-BT1', 'false'),
(967, 'un2kt7px', 'IT-BT1', 'false'),
(968, 'un2kt7px', 'IT-BT1', 'false'),
(969, 'un2kt7px', 'IT-BT1', 'false'),
(970, 'un2kt7px', 'IT-BT1', 'false'),
(971, 'un2kt7px', 'IT-BT1', 'false'),
(972, 'un2kt7px', 'IT-BT1', 'false'),
(973, 'un2kt7px', 'IT-BT1', 'false'),
(974, 'un2kt7px', 'IT-BT1', 'false'),
(975, 'un2kt7px', 'IT-BT1', 'false'),
(976, 'un2kt7px', 'IT-BT1', 'false'),
(977, 'un2kt7px', 'IT-BT1', 'false'),
(978, 'un2kt7px', 'IT-BT1', 'false'),
(979, 'un2kt7px', 'IT-BT1', 'false'),
(980, 'un2kt7px', 'IT-BT1', 'false'),
(981, 'un2kt7px', 'IT-BT1', 'false'),
(982, 'un2kt7px', 'IT-BT1', 'false'),
(983, 'un2kt7px', 'IT-BT1', 'false'),
(984, 'un2kt7px', 'IT-BT1', 'false'),
(985, 'un2kt7px', 'IT-BT1', 'false'),
(986, 'un2kt7px', 'IT-BT1', 'false'),
(987, 'un2kt7px', 'IT-BT1', 'false'),
(988, 'un2kt7px', 'IT-BT1', 'false'),
(989, 'un2kt7px', 'IT-BT1', 'false'),
(990, 'un2kt7px', 'IT-BT1', 'false'),
(991, 'un2kt7px', 'IT-BT1', 'false'),
(992, 'un2kt7px', 'IT-BT1', 'false'),
(993, 'un2kt7px', 'IT-BT1', 'false'),
(994, 'un2kt7px', 'IT-BT1', 'false'),
(995, 'un2kt7px', 'IT-BT1', 'false'),
(996, 'un2kt7px', 'IT-BT1', 'false'),
(997, 'un2kt7px', 'IT-BT1', 'false'),
(998, 'un2kt7px', 'IT-BT1', 'false'),
(999, 'un2kt7px', 'IT-BT1', 'false'),
(1000, 'un2kt7px', 'IT-BT1', 'false'),
(1001, 'un2kt7px', 'IT-BT1', 'false'),
(1002, 'un2kt7px', 'IT-BT1', 'false'),
(1003, 'un2kt7px', 'IT-BT1', 'false'),
(1004, 'un2kt7px', 'IT-BT1', 'false'),
(1005, 'un2kt7px', 'IT-BT1', 'false'),
(1006, 'un2kt7px', 'IT-BT1', 'false'),
(1007, 'un2kt7px', 'IT-BT1', 'false'),
(1008, 'un2kt7px', 'IT-BT1', 'false'),
(1009, 'un2kt7px', 'IT-BT2', 'false'),
(1010, 'un2kt7px', 'IT-BT1', 'false'),
(1011, 'un2kt7px', 'IT-BT2', 'false'),
(1012, 'un2kt7px', 'IT-BT2', 'false'),
(1013, 'un2kt7px', 'IT-BT2', 'false'),
(1014, 'un2kt7px', 'IT-BT2', 'false'),
(1015, 'un2kt7px', 'IT-BT2', 'false'),
(1016, 'un2kt7px', 'IT-BT2', 'false'),
(1017, 'un2kt7px', 'IT-BT2', 'false'),
(1018, 'un2kt7px', 'IT-BT2', 'false'),
(1019, 'un2kt7px', 'IT-BT2', 'false'),
(1020, 'un2kt7px', 'IT-BT2', 'false'),
(1021, 'un2kt7px', 'IT-BT2', 'false'),
(1022, 'un2kt7px', 'IT-BT2', 'false'),
(1023, 'un2kt7px', 'IT-BT2', 'false'),
(1024, 'un2kt7px', 'IT-BT2', 'false'),
(1025, 'un2kt7px', 'IT-BT2', 'false'),
(1026, 'un2kt7px', 'IT-BT2', 'false'),
(1027, 'un2kt7px', 'IT-BT2', 'false'),
(1028, 'un2kt7px', 'IT-BT2', 'false'),
(1029, 'un2kt7px', 'IT-BT2', 'false'),
(1030, 'un2kt7px', 'IT-BT2', 'false'),
(1031, 'un2kt7px', 'IT-BT2', 'false'),
(1032, 'un2kt7px', 'IT-BT2', 'false'),
(1033, 'un2kt7px', 'IT-BT2', 'false'),
(1034, 'un2kt7px', 'IT-BT2', 'false'),
(1035, 'un2kt7px', 'IT-BT2', 'false'),
(1036, 'un2kt7px', 'IT-BT2', 'false'),
(1037, 'un2kt7px', 'IT-BT2', 'false'),
(1038, 'un2kt7px', 'IT-BT2', 'false'),
(1039, 'un2kt7px', 'IT-BT2', 'false'),
(1040, 'un2kt7px', 'IT-BT2', 'false'),
(1041, 'un2kt7px', 'IT-BT2', 'false'),
(1042, 'un2kt7px', 'IT-BT2', 'false'),
(1043, 'un2kt7px', 'IT-BT2', 'false'),
(1044, 'un2kt7px', 'IT-BT2', 'false'),
(1045, 'un2kt7px', 'IT-BT2', 'false'),
(1046, 'un2kt7px', 'IT-BT2', 'false'),
(1047, 'un2kt7px', 'IT-BT2', 'false'),
(1048, 'un2kt7px', 'IT-BT2', 'false'),
(1049, 'un2kt7px', 'IT-BT2', 'false'),
(1050, 'un2kt7px', 'IT-BT2', 'false'),
(1051, 'un2kt7px', 'IT-BT2', 'false'),
(1052, 'un2kt7px', 'IT-BT2', 'false'),
(1053, 'un2kt7px', 'IT-BT2', 'false'),
(1054, 'un2kt7px', 'IT-BT2', 'false'),
(1055, 'un2kt7px', 'IT-BT2', 'false'),
(1056, 'un2kt7px', 'IT-BT2', 'false'),
(1057, 'un2kt7px', 'IT-BT2', 'false'),
(1058, 'un2kt7px', 'IT-BT2', 'false'),
(1059, 'un2kt7px', 'IT-BT2', 'false'),
(1060, 'un2kt7px', 'IT-BT2', 'false'),
(1061, 'un2kt7px', 'IT-BT2', 'false'),
(1062, 'un2kt7px', 'IT-BT2', 'false'),
(1063, 'un2kt7px', 'IT-BT2', 'false'),
(1064, 'un2kt7px', 'IT-BT2', 'false'),
(1065, 'un2kt7px', 'IT-BT2', 'false'),
(1066, 'un2kt7px', 'IT-BT2', 'false'),
(1067, 'un2kt7px', 'IT-BT2', 'false'),
(1068, 'un2kt7px', 'IT-BT2', 'false'),
(1069, 'un2kt7px', 'IT-BT2', 'false'),
(1070, 'un2kt7px', 'IT-BT2', 'false'),
(1071, 'un2kt7px', 'IT-BT2', 'false'),
(1072, 'un2kt7px', 'IT-BT2', 'false'),
(1073, 'un2kt7px', 'IT-BT2', 'false'),
(1074, 'un2kt7px', 'IT-BT2', 'false'),
(1075, 'un2kt7px', 'IT-BT2', 'false'),
(1076, 'un2kt7px', 'IT-BT2', 'false'),
(1077, 'un2kt7px', 'IT-BT2', 'false'),
(1078, 'un2kt7px', 'IT-BT2', 'false'),
(1079, 'un2kt7px', 'IT-BT2', 'false'),
(1080, 'un2kt7px', 'IT-BT2', 'false'),
(1081, 'un2kt7px', 'IT-BT2', 'false'),
(1082, 'un2kt7px', 'IT-BT2', 'false'),
(1083, 'un2kt7px', 'IT-BT2', 'false'),
(1084, 'un2kt7px', 'IT-BT2', 'false'),
(1085, 'un2kt7px', 'IT-BT2', 'false'),
(1086, 'un2kt7px', 'IT-BT2', 'false'),
(1087, 'un2kt7px', 'IT-BT2', 'false'),
(1088, 'un2kt7px', 'IT-BT2', 'false'),
(1089, 'un2kt7px', 'IT-BT2', 'false'),
(1090, 'un2kt7px', 'IT-BT2', 'false'),
(1091, 'un2kt7px', 'IT-BT2', 'false'),
(1092, 'un2kt7px', 'IT-BT2', 'false'),
(1093, 'un2kt7px', 'IT-BT2', 'false'),
(1094, 'un2kt7px', 'IT-BT2', 'false'),
(1095, 'un2kt7px', 'IT-BT2', 'false'),
(1096, 'un2kt7px', 'IT-BT2', 'false'),
(1097, 'un2kt7px', 'IT-BT2', 'false'),
(1098, 'un2kt7px', 'IT-BT2', 'false'),
(1099, 'un2kt7px', 'IT-BT2', 'false'),
(1100, 'un2kt7px', 'IT-BT2', 'false'),
(1101, 'un2kt7px', 'IT-BT2', 'false'),
(1102, 'un2kt7px', 'IT-BT2', 'false'),
(1103, 'un2kt7px', 'IT-BT2', 'false'),
(1104, 'un2kt7px', 'IT-BT2', 'false'),
(1105, 'un2kt7px', 'IT-BT2', 'false'),
(1106, 'un2kt7px', 'IT-BT2', 'false'),
(1107, 'un2kt7px', 'IT-BT2', 'false'),
(1108, 'un2kt7px', 'IT-BT2', 'false'),
(1109, 'un2kt7px', 'IT-BT2', 'false'),
(1110, 'un2kt7px', 'IT-BT2', 'false'),
(1111, 'un2kt7px', 'IT-BT2', 'false'),
(1112, 'un2kt7px', 'IT-BT2', 'false'),
(1113, 'un2kt7px', 'IT-BT2', 'false'),
(1114, 'un2kt7px', 'IT-BT2', 'false'),
(1115, 'un2kt7px', 'IT-BT2', 'false'),
(1116, 'un2kt7px', 'IT-BT2', 'false'),
(1117, 'un2kt7px', 'IT-BT2', 'false'),
(1118, 'un2kt7px', 'IT-BT2', 'false'),
(1119, 'un2kt7px', 'IT-BT2', 'false'),
(1120, 'un2kt7px', 'IT-BT2', 'false'),
(1121, 'un2kt7px', 'IT-BT2', 'false'),
(1122, 'un2kt7px', 'IT-BT2', 'false'),
(1123, 'un2kt7px', 'IT-BT2', 'false'),
(1124, 'un2kt7px', 'IT-BT2', 'false'),
(1125, 'un2kt7px', 'IT-BT2', 'false'),
(1126, 'un2kt7px', 'IT-BT2', 'false'),
(1127, 'un2kt7px', 'IT-BT2', 'false'),
(1128, 'un2kt7px', 'IT-BT2', 'false'),
(1129, 'un2kt7px', 'IT-BT2', 'false'),
(1130, 'un2kt7px', 'IT-BT2', 'false'),
(1131, 'un2kt7px', 'IT-BT2', 'false'),
(1132, 'un2kt7px', 'IT-BT2', 'false'),
(1133, 'un2kt7px', 'IT-BT2', 'false'),
(1134, 'un2kt7px', 'IT-BT2', 'false'),
(1135, 'un2kt7px', 'IT-BT2', 'false'),
(1136, 'un2kt7px', 'IT-BT2', 'false'),
(1137, 'un2kt7px', 'IT-BT2', 'false'),
(1138, 'un2kt7px', 'IT-BT2', 'false'),
(1139, 'un2kt7px', 'IT-BT2', 'false'),
(1140, 'un2kt7px', 'IT-BT2', 'false'),
(1141, 'un2kt7px', 'IT-BT2', 'false'),
(1142, 'un2kt7px', 'IT-BT2', 'false'),
(1143, 'un2kt7px', 'IT-BT2', 'false'),
(1144, 'un2kt7px', 'IT-BT2', 'false'),
(1145, 'un2kt7px', 'IT-BT2', 'false'),
(1146, 'un2kt7px', 'IT-BT2', 'false'),
(1147, 'un2kt7px', 'IT-BT2', 'false'),
(1148, 'un2kt7px', 'IT-BT2', 'false'),
(1149, 'un2kt7px', 'IT-BT2', 'false'),
(1150, 'un2kt7px', 'IT-BT2', 'false'),
(1151, 'un2kt7px', 'IT-BT2', 'false'),
(1152, 'un2kt7px', 'IT-BT2', 'false'),
(1153, 'un2kt7px', 'IT-BT2', 'false'),
(1154, 'un2kt7px', 'IT-BT2', 'false'),
(1155, 'un2kt7px', 'IT-BT2', 'false'),
(1156, 'un2kt7px', 'IT-BT2', 'false'),
(1157, 'un2kt7px', 'IT-BT2', 'false'),
(1158, 'un2kt7px', 'IT-BT2', 'false'),
(1159, 'un2kt7px', 'IT-BT2', 'false'),
(1160, 'un2kt7px', 'IT-BT2', 'false'),
(1161, 'un2kt7px', 'IT-BT2', 'false'),
(1162, 'un2kt7px', 'IT-BT2', 'false'),
(1163, 'un2kt7px', 'IT-BT2', 'false'),
(1164, 'un2kt7px', 'IT-BT2', 'false'),
(1165, 'un2kt7px', 'IT-BT2', 'false'),
(1166, 'un2kt7px', 'IT-BT2', 'false'),
(1167, 'un2kt7px', 'IT-BT2', 'false'),
(1168, 'un2kt7px', 'IT-BT2', 'false'),
(1169, 'un2kt7px', 'IT-BT2', 'false'),
(1170, 'un2kt7px', 'IT-BT2', 'false'),
(1171, 'un2kt7px', 'IT-BT2', 'false'),
(1172, 'un2kt7px', 'IT-BT2', 'false'),
(1173, 'un2kt7px', 'IT-BT2', 'false'),
(1174, 'un2kt7px', 'IT-BT2', 'false'),
(1175, 'un2kt7px', 'IT-BT2', 'false'),
(1176, 'un2kt7px', 'IT-BT2', 'false'),
(1177, 'un2kt7px', 'IT-BT2', 'false'),
(1178, 'un2kt7px', 'IT-BT2', 'false'),
(1179, 'un2kt7px', 'IT-BT2', 'false'),
(1180, 'un2kt7px', 'IT-BT2', 'false'),
(1181, 'un2kt7px', 'IT-BT2', 'false'),
(1182, 'un2kt7px', 'IT-BT2', 'false'),
(1183, 'un2kt7px', 'IT-BT2', 'false'),
(1184, 'un2kt7px', 'IT-BT2', 'false'),
(1185, 'un2kt7px', 'IT-BT2', 'false'),
(1186, 'un2kt7px', 'IT-BT2', 'false'),
(1187, 'un2kt7px', 'IT-BT2', 'false'),
(1188, 'un2kt7px', 'IT-BT2', 'false'),
(1189, 'un2kt7px', 'IT-BT2', 'false'),
(1190, 'un2kt7px', 'IT-BT2', 'false'),
(1191, 'un2kt7px', 'IT-BT2', 'false'),
(1192, 'un2kt7px', 'IT-BT2', 'false'),
(1193, 'un2kt7px', 'IT-BT2', 'false'),
(1194, 'un2kt7px', 'IT-BT2', 'false'),
(1195, 'un2kt7px', 'IT-BT2', 'false'),
(1196, 'un2kt7px', 'IT-BT2', 'false'),
(1197, 'un2kt7px', 'IT-BT2', 'false'),
(1198, 'un2kt7px', 'IT-BT2', 'false'),
(1199, 'un2kt7px', 'IT-BT2', 'false'),
(1200, 'un2kt7px', 'IT-BT2', 'false'),
(1201, 'un2kt7px', 'IT-BT2', 'false'),
(1202, 'un2kt7px', 'IT-BT2', 'false'),
(1203, 'un2kt7px', 'IT-BT2', 'false'),
(1204, 'un2kt7px', 'IT-BT2', 'false'),
(1205, 'un2kt7px', 'IT-BT2', 'false'),
(1206, 'un2kt7px', 'IT-BT2', 'false'),
(1207, 'un2kt7px', 'IT-BT2', 'false'),
(1208, 'un2kt7px', 'IT-BT2', 'false'),
(1209, 'un2kt7px', 'IT-BT2', 'false'),
(1210, 'un2kt7px', 'IT-BT2', 'false'),
(1211, 'un2kt7px', 'IT-BT2', 'false'),
(1212, 'un2kt7px', 'IT-BT2', 'false'),
(1213, 'un2kt7px', 'IT-BT2', 'false'),
(1214, 'un2kt7px', 'IT-BT2', 'false'),
(1215, 'un2kt7px', 'IT-BT2', 'false'),
(1216, 'un2kt7px', 'IT-BT2', 'false'),
(1217, 'un2kt7px', 'IT-BT2', 'false'),
(1218, 'un2kt7px', 'IT-BT2', 'false'),
(1219, 'un2kt7px', 'IT-BT2', 'false'),
(1220, 'un2kt7px', 'IT-BT2', 'false'),
(1221, 'un2kt7px', 'IT-BT2', 'false'),
(1222, 'un2kt7px', 'IT-BT2', 'false'),
(1223, 'un2kt7px', 'IT-BT2', 'false'),
(1224, 'un2kt7px', 'IT-BT2', 'false'),
(1225, 'un2kt7px', 'IT-BT2', 'false'),
(1226, 'un2kt7px', 'IT-BT2', 'false'),
(1227, 'un2kt7px', 'IT-BT2', 'false'),
(1228, 'un2kt7px', 'IT-BT2', 'false'),
(1229, 'un2kt7px', 'IT-BT2', 'false'),
(1230, 'un2kt7px', 'IT-BT2', 'false'),
(1231, 'un2kt7px', 'IT-BT2', 'false'),
(1232, 'un2kt7px', 'IT-BT2', 'false'),
(1233, 'un2kt7px', 'IT-BT2', 'false'),
(1234, 'un2kt7px', 'IT-BT2', 'false'),
(1235, 'un2kt7px', 'IT-BT2', 'false'),
(1236, 'un2kt7px', 'IT-BT2', 'false'),
(1237, 'un2kt7px', 'IT-BT2', 'false'),
(1238, 'un2kt7px', 'IT-BT2', 'false'),
(1239, 'un2kt7px', 'IT-BT2', 'false'),
(1240, 'un2kt7px', 'IT-BT2', 'false'),
(1241, 'un2kt7px', 'IT-BT2', 'false'),
(1242, 'un2kt7px', 'IT-BT2', 'false'),
(1243, 'un2kt7px', 'IT-BT2', 'false'),
(1244, 'un2kt7px', 'IT-BT2', 'false'),
(1245, 'un2kt7px', 'IT-BT2', 'false'),
(1246, 'un2kt7px', 'IT-BT2', 'false'),
(1247, 'un2kt7px', 'IT-BT2', 'false'),
(1248, 'un2kt7px', 'IT-BT2', 'false'),
(1249, 'un2kt7px', 'IT-BT2', 'false'),
(1250, 'un2kt7px', 'IT-BT2', 'false'),
(1251, 'un2kt7px', 'IT-BT2', 'false'),
(1252, 'un2kt7px', 'IT-BT2', 'false'),
(1253, 'un2kt7px', 'IT-BT2', 'false'),
(1254, 'un2kt7px', 'IT-BT2', 'false'),
(1255, 'un2kt7px', 'IT-BT2', 'false'),
(1256, 'un2kt7px', 'IT-BT2', 'false'),
(1257, 'un2kt7px', 'IT-BT2', 'false'),
(1258, 'un2kt7px', 'IT-BT2', 'false'),
(1259, 'un2kt7px', 'IT-BT2', 'false'),
(1260, 'un2kt7px', 'IT-BT2', 'false'),
(1261, 'un2kt7px', 'IT-BT2', 'false'),
(1262, 'un2kt7px', 'IT-BT2', 'false'),
(1263, 'un2kt7px', 'IT-BT2', 'false'),
(1264, 'un2kt7px', 'IT-BT2', 'false'),
(1265, 'un2kt7px', 'IT-BT2', 'false'),
(1266, 'un2kt7px', 'IT-BT2', 'false'),
(1267, 'un2kt7px', 'IT-BT2', 'false'),
(1268, 'un2kt7px', 'IT-BT2', 'false'),
(1269, 'un2kt7px', 'IT-BT2', 'false'),
(1270, 'un2kt7px', 'IT-BT2', 'false'),
(1271, 'un2kt7px', 'IT-BT2', 'false'),
(1272, 'un2kt7px', 'IT-BT2', 'false'),
(1273, 'un2kt7px', 'IT-BT2', 'false'),
(1274, 'un2kt7px', 'IT-BT2', 'false'),
(1275, 'un2kt7px', 'IT-BT2', 'false'),
(1276, 'un2kt7px', 'IT-BT2', 'false'),
(1277, 'un2kt7px', 'IT-BT2', 'false'),
(1278, 'un2kt7px', 'IT-BT2', 'false'),
(1279, 'un2kt7px', 'IT-BT2', 'false'),
(1280, 'un2kt7px', 'IT-BT2', 'false'),
(1281, 'un2kt7px', 'IT-BT2', 'false'),
(1282, 'un2kt7px', 'IT-BT2', 'false'),
(1283, 'un2kt7px', 'IT-BT2', 'false'),
(1284, 'un2kt7px', 'IT-BT2', 'false'),
(1285, 'un2kt7px', 'IT-BT2', 'false'),
(1286, 'un2kt7px', 'IT-BT2', 'false'),
(1287, 'un2kt7px', 'IT-BT2', 'false'),
(1288, 'un2kt7px', 'IT-BT2', 'false'),
(1289, 'un2kt7px', 'IT-BT2', 'false'),
(1290, 'un2kt7px', 'IT-BT2', 'false'),
(1291, 'un2kt7px', 'IT-BT2', 'false'),
(1292, 'un2kt7px', 'IT-BT2', 'false'),
(1293, 'un2kt7px', 'IT-BT2', 'false'),
(1294, 'un2kt7px', 'IT-BT2', 'false'),
(1295, 'un2kt7px', 'IT-BT2', 'false'),
(1296, 'un2kt7px', 'IT-BT2', 'false'),
(1297, 'un2kt7px', 'IT-BT2', 'false'),
(1298, 'un2kt7px', 'IT-BT2', 'false'),
(1299, 'un2kt7px', 'IT-BT2', 'false'),
(1300, 'un2kt7px', 'IT-BT2', 'false'),
(1301, 'un2kt7px', 'IT-BT2', 'false'),
(1302, 'un2kt7px', 'IT-BT2', 'false'),
(1303, 'un2kt7px', 'IT-BT2', 'false'),
(1304, 'un2kt7px', 'IT-BT2', 'false'),
(1305, 'un2kt7px', 'IT-BT2', 'false'),
(1306, 'un2kt7px', 'IT-BT2', 'false'),
(1307, 'un2kt7px', 'IT-BT2', 'false'),
(1308, 'un2kt7px', 'IT-BT2', 'false'),
(1309, 'un2kt7px', 'IT-BT2', 'false'),
(1310, 'un2kt7px', 'IT-BT2', 'false'),
(1311, 'un2kt7px', 'IT-BT2', 'false'),
(1312, 'un2kt7px', 'IT-BT2', 'false'),
(1313, 'un2kt7px', 'IT-BT2', 'false'),
(1314, 'un2kt7px', 'IT-BT2', 'false'),
(1315, 'un2kt7px', 'IT-BT2', 'false'),
(1316, 'un2kt7px', 'IT-BT2', 'false'),
(1317, 'un2kt7px', 'IT-BT2', 'false'),
(1318, 'un2kt7px', 'IT-BT2', 'false'),
(1319, 'un2kt7px', 'IT-BT2', 'false'),
(1320, 'un2kt7px', 'IT-BT2', 'false'),
(1321, 'un2kt7px', 'IT-BT2', 'false'),
(1322, 'un2kt7px', 'IT-BT2', 'false'),
(1323, 'un2kt7px', 'IT-BT2', 'false'),
(1324, 'un2kt7px', 'IT-BT2', 'false'),
(1325, 'un2kt7px', 'IT-BT2', 'false'),
(1326, 'un2kt7px', 'IT-BT2', 'false'),
(1327, 'un2kt7px', 'IT-BT2', 'false'),
(1328, 'un2kt7px', 'IT-BT2', 'false'),
(1329, 'un2kt7px', 'IT-BT2', 'false'),
(1330, 'un2kt7px', 'IT-BT2', 'false'),
(1331, 'un2kt7px', 'IT-BT2', 'false'),
(1332, 'un2kt7px', 'IT-BT2', 'false'),
(1333, 'un2kt7px', 'IT-BT2', 'false'),
(1334, 'un2kt7px', 'IT-BT2', 'false'),
(1335, 'un2kt7px', 'IT-BT2', 'false'),
(1336, 'un2kt7px', 'IT-BT2', 'false'),
(1337, 'un2kt7px', 'IT-BT2', 'false'),
(1338, 'un2kt7px', 'IT-BT2', 'false'),
(1339, 'un2kt7px', 'IT-BT2', 'false'),
(1340, 'un2kt7px', 'IT-BT2', 'false'),
(1341, 'un2kt7px', 'IT-BT2', 'false'),
(1342, 'un2kt7px', 'IT-BT2', 'false'),
(1343, 'un2kt7px', 'IT-BT2', 'false'),
(1344, 'un2kt7px', 'IT-BT2', 'false'),
(1345, 'un2kt7px', 'IT-BT2', 'false'),
(1346, 'un2kt7px', 'IT-BT2', 'false'),
(1347, 'un2kt7px', 'IT-BT2', 'false'),
(1348, 'un2kt7px', 'IT-BT2', 'false'),
(1349, 'un2kt7px', 'IT-BT2', 'false'),
(1350, 'un2kt7px', 'IT-BT2', 'false'),
(1351, 'un2kt7px', 'IT-BT2', 'false'),
(1352, 'un2kt7px', 'IT-BT2', 'false'),
(1353, 'un2kt7px', 'IT-BT2', 'false'),
(1354, 'un2kt7px', 'IT-BT2', 'false'),
(1355, 'un2kt7px', 'IT-BT2', 'false'),
(1356, 'un2kt7px', 'IT-BT2', 'false'),
(1357, 'un2kt7px', 'IT-BT2', 'false'),
(1358, 'un2kt7px', 'IT-BT2', 'false'),
(1359, 'un2kt7px', 'IT-BT2', 'false'),
(1360, 'un2kt7px', 'IT-BT2', 'false'),
(1361, 'un2kt7px', 'IT-BT2', 'false'),
(1362, 'un2kt7px', 'IT-BT2', 'false'),
(1363, 'un2kt7px', 'IT-BT2', 'false'),
(1364, 'un2kt7px', 'IT-BT2', 'false'),
(1365, 'un2kt7px', 'IT-BT2', 'false'),
(1366, 'un2kt7px', 'IT-BT2', 'false'),
(1367, 'un2kt7px', 'IT-BT2', 'false'),
(1368, 'un2kt7px', 'IT-BT2', 'false'),
(1369, 'un2kt7px', 'IT-BT2', 'false'),
(1370, 'un2kt7px', 'IT-BT2', 'false'),
(1371, 'un2kt7px', 'IT-BT2', 'false'),
(1372, 'un2kt7px', 'IT-BT2', 'false'),
(1373, 'un2kt7px', 'IT-BT2', 'false'),
(1374, 'un2kt7px', 'IT-BT2', 'false'),
(1375, 'un2kt7px', 'IT-BT2', 'false'),
(1376, 'un2kt7px', 'IT-BT2', 'false'),
(1377, 'un2kt7px', 'IT-BT2', 'false'),
(1378, 'un2kt7px', 'IT-BT2', 'false'),
(1379, 'un2kt7px', 'IT-BT2', 'false');
INSERT INTO `class_list` (`id`, `acctID`, `classCode`, `hidden`) VALUES
(1380, 'un2kt7px', 'IT-BT2', 'false'),
(1381, 'un2kt7px', 'IT-BT2', 'false'),
(1382, 'un2kt7px', 'IT-BT2', 'false'),
(1383, 'un2kt7px', 'IT-BT2', 'false'),
(1384, 'un2kt7px', 'IT-BT2', 'false'),
(1385, 'un2kt7px', 'IT-BT2', 'false'),
(1386, 'un2kt7px', 'IT-BT2', 'false'),
(1387, 'un2kt7px', 'IT-BT2', 'false'),
(1388, 'un2kt7px', 'IT-BT2', 'false'),
(1389, 'un2kt7px', 'IT-BT2', 'false'),
(1390, 'un2kt7px', 'IT-BT2', 'false'),
(1391, 'un2kt7px', 'IT-BT2', 'false'),
(1392, 'un2kt7px', 'IT-BT2', 'false'),
(1393, 'un2kt7px', 'IT-BT2', 'false'),
(1394, 'un2kt7px', 'IT-BT2', 'false'),
(1395, 'un2kt7px', 'IT-BT2', 'false'),
(1396, 'un2kt7px', 'IT-BT2', 'false'),
(1397, 'un2kt7px', 'IT-BT2', 'false'),
(1398, 'un2kt7px', 'IT-BT2', 'false'),
(1399, 'un2kt7px', 'IT-BT2', 'false'),
(1400, 'un2kt7px', 'IT-BT2', 'false'),
(1401, 'un2kt7px', 'IT-BT2', 'false'),
(1402, 'un2kt7px', 'IT-BT2', 'false'),
(1403, 'un2kt7px', 'IT-BT2', 'false'),
(1404, 'un2kt7px', 'IT-BT2', 'false'),
(1405, 'un2kt7px', 'IT-BT2', 'false'),
(1406, 'un2kt7px', 'IT-BT2', 'false'),
(1407, 'un2kt7px', 'IT-BT2', 'false'),
(1408, 'un2kt7px', 'IT-BT2', 'false'),
(1409, 'un2kt7px', 'IT-BT2', 'false'),
(1410, 'un2kt7px', 'IT-BT2', 'false'),
(1411, 'un2kt7px', 'IT-BT2', 'false'),
(1412, 'un2kt7px', 'IT-BT2', 'false'),
(1413, 'un2kt7px', 'IT-BT2', 'false'),
(1414, 'un2kt7px', 'IT-BT3', 'false'),
(1415, 'un2kt7px', 'IT-BT2', 'false'),
(1416, 'un2kt7px', 'IT-BT3', 'false'),
(1417, 'un2kt7px', 'IT-BT3', 'false'),
(1418, 'un2kt7px', 'IT-BT3', 'false'),
(1419, 'un2kt7px', 'IT-BT3', 'false'),
(1420, 'un2kt7px', 'IT-BT3', 'false'),
(1421, 'un2kt7px', 'IT-BT3', 'false'),
(1422, 'un2kt7px', 'IT-BT3', 'false'),
(1423, 'un2kt7px', 'IT-BT3', 'false'),
(1424, 'un2kt7px', 'IT-BT3', 'false'),
(1425, 'un2kt7px', 'IT-BT3', 'false'),
(1426, 'un2kt7px', 'IT-BT3', 'false'),
(1427, 'un2kt7px', 'IT-BT3', 'false'),
(1428, 'un2kt7px', 'IT-BT3', 'false'),
(1429, 'un2kt7px', 'IT-BT3', 'false'),
(1430, 'un2kt7px', 'IT-BT3', 'false'),
(1431, 'un2kt7px', 'IT-BT3', 'false'),
(1432, 'un2kt7px', 'IT-BT3', 'false'),
(1433, 'un2kt7px', 'IT-BT3', 'false'),
(1434, 'un2kt7px', 'IT-BT3', 'false'),
(1435, 'un2kt7px', 'IT-BT3', 'false'),
(1436, 'un2kt7px', 'IT-BT3', 'false'),
(1437, 'un2kt7px', 'IT-BT3', 'false'),
(1438, 'un2kt7px', 'IT-BT3', 'false'),
(1439, 'un2kt7px', 'IT-BT3', 'false'),
(1440, 'un2kt7px', 'IT-BT3', 'false'),
(1441, 'un2kt7px', 'IT-BT3', 'false'),
(1442, 'un2kt7px', 'IT-BT3', 'false'),
(1443, 'un2kt7px', 'IT-BT3', 'false'),
(1444, 'un2kt7px', 'IT-BT3', 'false'),
(1445, 'un2kt7px', 'IT-BT3', 'false'),
(1446, 'un2kt7px', 'IT-BT3', 'false'),
(1447, 'un2kt7px', 'IT-BT3', 'false'),
(1448, 'un2kt7px', 'IT-BT3', 'false'),
(1449, 'un2kt7px', 'IT-BT3', 'false'),
(1450, 'un2kt7px', 'IT-BT3', 'false'),
(1451, 'un2kt7px', 'IT-BT3', 'false'),
(1452, 'un2kt7px', 'IT-BT3', 'false'),
(1453, 'un2kt7px', 'IT-BT3', 'false'),
(1454, 'un2kt7px', 'IT-BT3', 'false'),
(1455, 'un2kt7px', 'IT-BT3', 'false'),
(1456, 'un2kt7px', 'IT-BT3', 'false'),
(1457, 'un2kt7px', 'IT-BT3', 'false'),
(1458, 'un2kt7px', 'IT-BT3', 'false'),
(1459, 'un2kt7px', 'IT-BT3', 'false'),
(1460, 'un2kt7px', 'IT-BT3', 'false'),
(1461, 'un2kt7px', 'IT-BT3', 'false'),
(1462, 'un2kt7px', 'IT-BT3', 'false'),
(1463, 'un2kt7px', 'IT-BT3', 'false'),
(1464, 'un2kt7px', 'IT-BT3', 'false'),
(1465, 'un2kt7px', 'IT-BT3', 'false'),
(1466, 'un2kt7px', 'IT-BT3', 'false'),
(1467, 'un2kt7px', 'IT-BT3', 'false'),
(1468, 'un2kt7px', 'IT-BT3', 'false'),
(1469, 'un2kt7px', 'IT-BT3', 'false'),
(1470, 'un2kt7px', 'IT-BT3', 'false'),
(1471, 'un2kt7px', 'IT-BT3', 'false'),
(1472, 'un2kt7px', 'IT-BT3', 'false'),
(1473, 'un2kt7px', 'IT-BT3', 'false'),
(1474, 'un2kt7px', 'IT-BT3', 'false'),
(1475, 'un2kt7px', 'IT-BT3', 'false'),
(1476, 'un2kt7px', 'IT-BT3', 'false'),
(1477, 'un2kt7px', 'IT-BT3', 'false'),
(1478, 'un2kt7px', 'IT-BT3', 'false'),
(1479, 'un2kt7px', 'IT-BT3', 'false'),
(1480, 'un2kt7px', 'IT-BT3', 'false'),
(1481, 'un2kt7px', 'IT-BT3', 'false'),
(1482, 'un2kt7px', 'IT-BT3', 'false'),
(1483, 'un2kt7px', 'IT-BT3', 'false'),
(1484, 'un2kt7px', 'IT-BT3', 'false'),
(1485, 'un2kt7px', 'IT-BT3', 'false'),
(1486, 'un2kt7px', 'IT-BT3', 'false'),
(1487, 'un2kt7px', 'IT-BT3', 'false'),
(1488, 'un2kt7px', 'IT-BT3', 'false'),
(1489, 'un2kt7px', 'IT-BT3', 'false'),
(1490, 'un2kt7px', 'IT-BT3', 'false'),
(1491, 'un2kt7px', 'IT-BT3', 'false'),
(1492, 'un2kt7px', 'IT-BT3', 'false'),
(1493, 'un2kt7px', 'IT-BT3', 'false'),
(1494, 'un2kt7px', 'IT-BT3', 'false'),
(1495, 'un2kt7px', 'IT-BT3', 'false'),
(1496, 'un2kt7px', 'IT-BT3', 'false'),
(1497, 'un2kt7px', 'IT-BT3', 'false'),
(1498, 'un2kt7px', 'IT-BT3', 'false'),
(1499, 'un2kt7px', 'IT-BT3', 'false'),
(1500, 'un2kt7px', 'IT-BT3', 'false'),
(1501, 'un2kt7px', 'IT-BT3', 'false'),
(1502, 'un2kt7px', 'IT-BT3', 'false'),
(1503, 'un2kt7px', 'IT-BT3', 'false'),
(1504, 'un2kt7px', 'IT-BT3', 'false'),
(1505, 'un2kt7px', 'IT-BT3', 'false'),
(1506, 'un2kt7px', 'IT-BT3', 'false'),
(1507, 'un2kt7px', 'IT-BT3', 'false'),
(1508, 'un2kt7px', 'IT-BT3', 'false'),
(1509, 'un2kt7px', 'IT-BT3', 'false'),
(1510, 'un2kt7px', 'IT-BT3', 'false'),
(1511, 'un2kt7px', 'IT-BT3', 'false'),
(1512, 'un2kt7px', 'IT-BT3', 'false'),
(1513, 'un2kt7px', 'IT-BT3', 'false'),
(1514, 'un2kt7px', 'IT-BT3', 'false'),
(1515, 'un2kt7px', 'IT-BT3', 'false'),
(1516, 'un2kt7px', 'IT-BT3', 'false'),
(1517, 'un2kt7px', 'IT-BT3', 'false'),
(1518, 'un2kt7px', 'IT-BT3', 'false'),
(1519, 'un2kt7px', 'IT-BT3', 'false'),
(1520, 'un2kt7px', 'IT-BT3', 'false'),
(1521, 'un2kt7px', 'IT-BT3', 'false'),
(1522, 'un2kt7px', 'IT-BT3', 'false'),
(1523, 'un2kt7px', 'IT-BT3', 'false'),
(1524, 'un2kt7px', 'IT-BT3', 'false'),
(1525, 'un2kt7px', 'IT-BT3', 'false'),
(1526, 'un2kt7px', 'IT-BT3', 'false'),
(1527, 'un2kt7px', 'IT-BT3', 'false'),
(1528, 'un2kt7px', 'IT-BT3', 'false'),
(1529, 'un2kt7px', 'IT-BT3', 'false'),
(1530, 'un2kt7px', 'IT-BT3', 'false'),
(1531, 'un2kt7px', 'IT-BT3', 'false'),
(1532, 'un2kt7px', 'IT-BT3', 'false'),
(1533, 'un2kt7px', 'IT-BT3', 'false'),
(1534, 'un2kt7px', 'IT-BT3', 'false'),
(1535, 'un2kt7px', 'IT-BT3', 'false'),
(1536, 'un2kt7px', 'IT-BT3', 'false'),
(1537, 'un2kt7px', 'IT-BT3', 'false'),
(1538, 'un2kt7px', 'IT-BT3', 'false'),
(1539, 'un2kt7px', 'IT-BT3', 'false'),
(1540, 'un2kt7px', 'IT-BT3', 'false'),
(1541, 'un2kt7px', 'IT-BT3', 'false'),
(1542, 'un2kt7px', 'IT-BT3', 'false'),
(1543, 'un2kt7px', 'IT-BT3', 'false'),
(1544, 'un2kt7px', 'IT-BT3', 'false'),
(1545, 'un2kt7px', 'IT-BT3', 'false'),
(1546, 'un2kt7px', 'IT-BT3', 'false'),
(1547, 'un2kt7px', 'IT-BT3', 'false'),
(1548, 'un2kt7px', 'IT-BT3', 'false'),
(1549, 'un2kt7px', 'IT-BT3', 'false'),
(1550, 'un2kt7px', 'IT-BT3', 'false'),
(1551, 'un2kt7px', 'IT-BT3', 'false'),
(1552, 'un2kt7px', 'IT-BT3', 'false'),
(1553, 'un2kt7px', 'IT-BT3', 'false'),
(1554, 'un2kt7px', 'IT-BT3', 'false'),
(1555, 'un2kt7px', 'IT-BT3', 'false'),
(1556, 'un2kt7px', 'IT-BT3', 'false'),
(1557, 'un2kt7px', 'IT-BT3', 'false'),
(1558, 'un2kt7px', 'IT-BT3', 'false'),
(1559, 'un2kt7px', 'IT-BT3', 'false'),
(1560, 'un2kt7px', 'IT-BT3', 'false'),
(1561, 'un2kt7px', 'IT-BT3', 'false'),
(1562, 'un2kt7px', 'IT-BT3', 'false'),
(1563, 'un2kt7px', 'IT-BT3', 'false'),
(1564, 'un2kt7px', 'IT-BT3', 'false'),
(1565, 'un2kt7px', 'IT-BT3', 'false'),
(1566, 'un2kt7px', 'IT-BT3', 'false'),
(1567, 'un2kt7px', 'IT-BT3', 'false'),
(1568, 'un2kt7px', 'IT-BT3', 'false'),
(1569, 'un2kt7px', 'IT-BT3', 'false'),
(1570, 'un2kt7px', 'IT-BT3', 'false'),
(1571, 'un2kt7px', 'IT-BT3', 'false'),
(1572, 'un2kt7px', 'IT-BT3', 'false'),
(1573, 'un2kt7px', 'IT-BT3', 'false'),
(1574, 'un2kt7px', 'IT-BT3', 'false'),
(1575, 'un2kt7px', 'IT-BT3', 'false'),
(1576, 'un2kt7px', 'IT-BT3', 'false'),
(1577, 'un2kt7px', 'IT-BT3', 'false'),
(1578, 'un2kt7px', 'IT-BT3', 'false'),
(1579, 'un2kt7px', 'IT-BT3', 'false'),
(1580, 'un2kt7px', 'IT-BT3', 'false'),
(1581, 'un2kt7px', 'IT-BT3', 'false'),
(1582, 'un2kt7px', 'IT-BT3', 'false'),
(1583, 'un2kt7px', 'IT-BT3', 'false'),
(1584, 'un2kt7px', 'IT-BT3', 'false'),
(1585, 'un2kt7px', 'IT-BT3', 'false'),
(1586, 'un2kt7px', 'IT-BT3', 'false'),
(1587, 'un2kt7px', 'IT-BT3', 'false'),
(1588, 'un2kt7px', 'IT-BT3', 'false'),
(1589, 'un2kt7px', 'IT-BT3', 'false'),
(1590, 'un2kt7px', 'IT-BT3', 'false'),
(1591, 'un2kt7px', 'IT-BT3', 'false'),
(1592, 'un2kt7px', 'IT-BT3', 'false'),
(1593, 'un2kt7px', 'IT-BT3', 'false'),
(1594, 'un2kt7px', 'IT-BT3', 'false'),
(1595, 'un2kt7px', 'IT-BT3', 'false'),
(1596, 'un2kt7px', 'IT-BT3', 'false'),
(1597, 'un2kt7px', 'IT-BT3', 'false'),
(1598, 'un2kt7px', 'IT-BT3', 'false'),
(1599, 'un2kt7px', 'IT-BT3', 'false'),
(1600, 'un2kt7px', 'IT-BT3', 'false'),
(1601, 'un2kt7px', 'IT-BT3', 'false'),
(1602, 'un2kt7px', 'IT-BT3', 'false'),
(1603, 'un2kt7px', 'IT-BT3', 'false'),
(1604, 'un2kt7px', 'IT-BT3', 'false'),
(1605, 'un2kt7px', 'IT-BT3', 'false'),
(1606, 'un2kt7px', 'IT-BT3', 'false'),
(1607, 'un2kt7px', 'IT-BT3', 'false'),
(1608, 'un2kt7px', 'IT-BT3', 'false'),
(1609, 'un2kt7px', 'IT-BT3', 'false'),
(1610, 'un2kt7px', 'IT-BT3', 'false'),
(1611, 'un2kt7px', 'IT-BT3', 'false'),
(1612, 'un2kt7px', 'IT-BT3', 'false'),
(1613, 'un2kt7px', 'IT-BT3', 'false'),
(1614, 'un2kt7px', 'IT-BT3', 'false'),
(1615, 'un2kt7px', 'IT-BT3', 'false'),
(1616, 'un2kt7px', 'IT-BT3', 'false'),
(1617, 'un2kt7px', 'IT-BT3', 'false'),
(1618, 'un2kt7px', 'IT-BT3', 'false'),
(1619, 'un2kt7px', 'IT-BT3', 'false'),
(1620, 'un2kt7px', 'IT-BT3', 'false'),
(1621, 'un2kt7px', 'IT-BT3', 'false'),
(1622, 'un2kt7px', 'IT-BT3', 'false'),
(1623, 'un2kt7px', 'IT-BT3', 'false'),
(1624, 'un2kt7px', 'IT-BT3', 'false'),
(1625, 'un2kt7px', 'IT-BT3', 'false'),
(1626, 'un2kt7px', 'IT-BT3', 'false'),
(1627, 'un2kt7px', 'IT-BT3', 'false'),
(1628, 'un2kt7px', 'IT-BT3', 'false'),
(1629, 'un2kt7px', 'IT-BT3', 'false'),
(1630, 'un2kt7px', 'IT-BT3', 'false'),
(1631, 'un2kt7px', 'IT-BT3', 'false'),
(1632, 'un2kt7px', 'IT-BT3', 'false'),
(1633, 'un2kt7px', 'IT-BT3', 'false'),
(1634, 'un2kt7px', 'IT-BT3', 'false'),
(1635, 'un2kt7px', 'IT-BT3', 'false'),
(1636, 'un2kt7px', 'IT-BT3', 'false'),
(1637, 'un2kt7px', 'IT-BT3', 'false'),
(1638, 'un2kt7px', 'IT-BT3', 'false'),
(1639, 'un2kt7px', 'IT-BT3', 'false'),
(1640, 'un2kt7px', 'IT-BT3', 'false'),
(1641, 'un2kt7px', 'IT-BT3', 'false'),
(1642, 'un2kt7px', 'IT-BT3', 'false'),
(1643, 'un2kt7px', 'IT-BT3', 'false'),
(1644, 'un2kt7px', 'IT-BT3', 'false'),
(1645, 'un2kt7px', 'IT-BT3', 'false'),
(1646, 'un2kt7px', 'IT-BT3', 'false'),
(1647, 'un2kt7px', 'IT-BT3', 'false'),
(1648, 'un2kt7px', 'IT-BT3', 'false'),
(1649, 'un2kt7px', 'IT-BT3', 'false'),
(1650, 'un2kt7px', 'IT-BT3', 'false'),
(1651, 'un2kt7px', 'IT-BT3', 'false'),
(1652, 'un2kt7px', 'IT-BT3', 'false'),
(1653, 'un2kt7px', 'IT-BT3', 'false'),
(1654, 'un2kt7px', 'IT-BT3', 'false'),
(1655, 'un2kt7px', 'IT-BT3', 'false'),
(1656, 'un2kt7px', 'IT-BT3', 'false'),
(1657, 'un2kt7px', 'IT-BT3', 'false'),
(1658, 'un2kt7px', 'IT-BT3', 'false'),
(1659, 'un2kt7px', 'IT-BT3', 'false'),
(1660, 'un2kt7px', 'IT-BT3', 'false'),
(1661, 'un2kt7px', 'IT-BT3', 'false'),
(1662, 'un2kt7px', 'IT-BT3', 'false'),
(1663, 'un2kt7px', 'IT-BT3', 'false'),
(1664, 'un2kt7px', 'IT-BT3', 'false'),
(1665, 'un2kt7px', 'IT-BT3', 'false'),
(1666, 'un2kt7px', 'IT-BT3', 'false'),
(1667, 'un2kt7px', 'IT-BT3', 'false'),
(1668, 'un2kt7px', 'IT-BT3', 'false'),
(1669, 'un2kt7px', 'IT-BT3', 'false'),
(1670, 'un2kt7px', 'IT-BT3', 'false'),
(1671, 'un2kt7px', 'IT-BT3', 'false'),
(1672, 'un2kt7px', 'IT-BT3', 'false'),
(1673, 'un2kt7px', 'IT-BT3', 'false'),
(1674, 'un2kt7px', 'IT-BT3', 'false'),
(1675, 'un2kt7px', 'IT-BT3', 'false'),
(1676, 'un2kt7px', 'IT-BT3', 'false'),
(1677, 'un2kt7px', 'IT-BT3', 'false'),
(1678, 'un2kt7px', 'IT-BT3', 'false'),
(1679, 'un2kt7px', 'IT-BT3', 'false'),
(1680, 'un2kt7px', 'IT-BT3', 'false'),
(1681, 'un2kt7px', 'IT-BT3', 'false'),
(1682, 'un2kt7px', 'IT-BT3', 'false'),
(1683, 'un2kt7px', 'IT-BT3', 'false'),
(1684, 'un2kt7px', 'IT-BT3', 'false'),
(1685, 'un2kt7px', 'IT-BT3', 'false'),
(1686, 'un2kt7px', 'IT-BT3', 'false'),
(1687, 'un2kt7px', 'IT-BT3', 'false'),
(1688, 'un2kt7px', 'IT-BT3', 'false'),
(1689, 'un2kt7px', 'IT-BT3', 'false'),
(1690, 'un2kt7px', 'IT-BT3', 'false'),
(1691, 'un2kt7px', 'IT-BT3', 'false'),
(1692, 'un2kt7px', 'IT-BT3', 'false'),
(1693, 'un2kt7px', 'IT-BT3', 'false'),
(1694, 'un2kt7px', 'IT-BT3', 'false'),
(1695, 'un2kt7px', 'IT-BT3', 'false'),
(1696, 'un2kt7px', 'IT-BT3', 'false'),
(1697, 'un2kt7px', 'IT-BT3', 'false'),
(1698, 'un2kt7px', 'IT-BT3', 'false'),
(1699, 'un2kt7px', 'IT-BT3', 'false'),
(1700, 'un2kt7px', 'IT-BT3', 'false'),
(1701, 'un2kt7px', 'IT-BT3', 'false'),
(1702, 'un2kt7px', 'IT-BT3', 'false'),
(1703, 'un2kt7px', 'IT-BT3', 'false'),
(1704, 'un2kt7px', 'IT-BT3', 'false'),
(1705, 'un2kt7px', 'IT-BT3', 'false'),
(1706, 'un2kt7px', 'IT-BT3', 'false'),
(1707, 'un2kt7px', 'IT-BT3', 'false'),
(1708, 'un2kt7px', 'IT-BT3', 'false'),
(1709, 'un2kt7px', 'IT-BT3', 'false'),
(1710, 'un2kt7px', 'IT-BT3', 'false'),
(1711, 'un2kt7px', 'IT-BT3', 'false'),
(1712, 'un2kt7px', 'IT-BT3', 'false'),
(1713, 'un2kt7px', 'IT-BT3', 'false'),
(1714, 'un2kt7px', 'IT-BT3', 'false'),
(1715, 'un2kt7px', 'IT-BT3', 'false'),
(1716, 'un2kt7px', 'IT-BT3', 'false'),
(1717, 'un2kt7px', 'IT-BT3', 'false'),
(1718, 'un2kt7px', 'IT-BT3', 'false'),
(1719, 'un2kt7px', 'IT-BT3', 'false'),
(1720, 'un2kt7px', 'IT-BT3', 'false'),
(1721, 'un2kt7px', 'IT-BT3', 'false'),
(1722, 'un2kt7px', 'IT-BT3', 'false'),
(1723, 'un2kt7px', 'IT-BT3', 'false'),
(1724, 'un2kt7px', 'IT-BT3', 'false'),
(1725, 'un2kt7px', 'IT-BT3', 'false'),
(1726, 'un2kt7px', 'IT-BT3', 'false'),
(1727, 'un2kt7px', 'IT-BT3', 'false'),
(1728, 'un2kt7px', 'IT-BT3', 'false'),
(1729, 'un2kt7px', 'IT-BT3', 'false'),
(1730, 'un2kt7px', 'IT-BT3', 'false'),
(1731, 'un2kt7px', 'IT-BT3', 'false'),
(1732, 'un2kt7px', 'IT-BT3', 'false'),
(1733, 'un2kt7px', 'IT-BT3', 'false'),
(1734, 'un2kt7px', 'IT-BT3', 'false'),
(1735, 'un2kt7px', 'IT-BT3', 'false'),
(1736, 'un2kt7px', 'IT-BT3', 'false'),
(1737, 'un2kt7px', 'IT-BT3', 'false'),
(1738, 'un2kt7px', 'IT-BT3', 'false'),
(1739, 'un2kt7px', 'IT-BT3', 'false'),
(1740, 'un2kt7px', 'IT-BT3', 'false'),
(1741, 'un2kt7px', 'IT-BT3', 'false'),
(1742, 'un2kt7px', 'IT-BT3', 'false'),
(1743, 'un2kt7px', 'IT-BT3', 'false'),
(1744, 'un2kt7px', 'IT-BT3', 'false'),
(1745, 'un2kt7px', 'IT-BT3', 'false'),
(1746, 'un2kt7px', 'IT-BT3', 'false'),
(1747, 'un2kt7px', 'IT-BT3', 'false'),
(1748, 'un2kt7px', 'IT-BT3', 'false'),
(1749, 'un2kt7px', 'IT-BT3', 'false'),
(1750, 'un2kt7px', 'IT-BT3', 'false'),
(1751, 'un2kt7px', 'IT-BT3', 'false'),
(1752, 'un2kt7px', 'IT-BT3', 'false'),
(1753, 'un2kt7px', 'IT-BT3', 'false'),
(1754, 'un2kt7px', 'IT-BT3', 'false'),
(1755, 'un2kt7px', 'IT-BT3', 'false'),
(1756, 'un2kt7px', 'IT-BT3', 'false'),
(1757, 'un2kt7px', 'IT-BT3', 'false'),
(1758, 'un2kt7px', 'IT-BT3', 'false'),
(1759, 'un2kt7px', 'IT-BT3', 'false'),
(1760, 'un2kt7px', 'IT-BT3', 'false'),
(1761, 'un2kt7px', 'IT-BT3', 'false'),
(1762, 'un2kt7px', 'IT-BT3', 'false'),
(1763, 'un2kt7px', 'IT-BT3', 'false'),
(1764, 'un2kt7px', 'IT-BT3', 'false'),
(1765, 'un2kt7px', 'IT-BT3', 'false'),
(1766, 'un2kt7px', 'IT-BT3', 'false'),
(1767, 'un2kt7px', 'IT-BT3', 'false'),
(1768, 'un2kt7px', 'IT-BT3', 'false'),
(1769, 'un2kt7px', 'IT-BT3', 'false'),
(1770, 'un2kt7px', 'IT-BT3', 'false'),
(1771, 'un2kt7px', 'IT-BT3', 'false'),
(1772, 'un2kt7px', 'IT-BT3', 'false'),
(1773, 'un2kt7px', 'IT-BT3', 'false'),
(1774, 'un2kt7px', 'IT-BT3', 'false'),
(1775, 'un2kt7px', 'IT-BT3', 'false'),
(1776, 'un2kt7px', 'IT-BT3', 'false'),
(1777, 'un2kt7px', 'IT-BT3', 'false'),
(1778, 'un2kt7px', 'IT-BT3', 'false'),
(1779, 'un2kt7px', 'IT-BT3', 'false'),
(1780, 'un2kt7px', 'IT-BT3', 'false'),
(1781, 'un2kt7px', 'IT-BT3', 'false'),
(1782, 'un2kt7px', 'IT-BT3', 'false'),
(1783, 'un2kt7px', 'IT-BT3', 'false'),
(1784, 'un2kt7px', 'IT-BT3', 'false'),
(1785, 'un2kt7px', 'IT-BT3', 'false'),
(1786, 'un2kt7px', 'IT-BT3', 'false'),
(1787, 'un2kt7px', 'IT-BT3', 'false'),
(1788, 'un2kt7px', 'IT-BT3', 'false'),
(1789, 'un2kt7px', 'IT-BT3', 'false'),
(1790, 'un2kt7px', 'IT-BT3', 'false'),
(1791, 'un2kt7px', 'IT-BT3', 'false'),
(1792, 'un2kt7px', 'IT-BT3', 'false'),
(1793, 'un2kt7px', 'IT-BT3', 'false'),
(1794, 'un2kt7px', 'IT-BT3', 'false'),
(1795, 'un2kt7px', 'IT-BT3', 'false'),
(1796, 'un2kt7px', 'IT-BT3', 'false'),
(1797, 'un2kt7px', 'IT-BT3', 'false'),
(1798, 'un2kt7px', 'IT-BT3', 'false'),
(1799, 'un2kt7px', 'IT-BT3', 'false'),
(1800, 'un2kt7px', 'IT-BT3', 'false'),
(1801, 'un2kt7px', 'IT-BT3', 'false'),
(1802, 'un2kt7px', 'IT-BT3', 'false'),
(1803, 'un2kt7px', 'IT-BT3', 'false'),
(1804, 'un2kt7px', 'IT-BT3', 'false'),
(1805, 'un2kt7px', 'IT-BT3', 'false'),
(1806, 'un2kt7px', 'IT-BT3', 'false'),
(1807, 'un2kt7px', 'IT-BT3', 'false'),
(1808, 'un2kt7px', 'IT-BT3', 'false'),
(1809, 'un2kt7px', 'IT-BT3', 'false'),
(1810, 'un2kt7px', 'IT-BT3', 'false'),
(1811, 'un2kt7px', 'IT-BT3', 'false'),
(1812, 'un2kt7px', 'IT-BT3', 'false'),
(1813, 'un2kt7px', 'IT-BT3', 'false'),
(1814, 'un2kt7px', 'IT-BT3', 'false'),
(1815, 'un2kt7px', 'IT-BT3', 'false'),
(1816, 'un2kt7px', 'IT-BT3', 'false'),
(1817, 'un2kt7px', 'IT-BT3', 'false'),
(1818, 'un2kt7px', 'IT-BT3', 'false'),
(1819, 'un2kt7px', 'IT-BT3', 'false'),
(1820, 'un2kt7px', 'IT-BT1', 'false'),
(1821, 'un2kt7px', 'IT-BT3', 'false'),
(1822, 'un2kt7px', 'IT-BT2', 'false'),
(1823, 'un2kt7px', 'SAMPLE 4', 'false'),
(1824, 'un2kt7px', 'sample 5', 'false'),
(1825, 'un2kt7px', 'IT-BT7', 'false'),
(1826, 'un2kt7px', 'IT-BT8', 'false'),
(1827, 'un2kt7px', 'IT-BT7', 'false'),
(1828, 'un2kt7px', 'IT-BT8', 'false'),
(1829, 'un2kt7px', 'IT-BT7', 'false'),
(1830, 'un2kt7px', 'IT-BT8', 'false'),
(1831, 'un2kt7px', 'IT-BT7', 'false'),
(1832, 'un2kt7px', 'IT-BT8', 'false'),
(1833, 'un2kt7px', 'IT-Bi3', 'false'),
(1834, 'un2kt7px', 'IT-Bi2', 'false');

-- --------------------------------------------------------

--
-- Table structure for table `comments`
--

CREATE TABLE `comments` (
  `id` int(11) NOT NULL,
  `commentID` varchar(10) NOT NULL,
  `postID` varchar(10) NOT NULL,
  `acctID` varchar(10) NOT NULL,
  `content` varchar(100) NOT NULL,
  `time` varchar(20) NOT NULL,
  `date` varchar(20) NOT NULL,
  `fileID` varchar(10) NOT NULL,
  `imageID` varchar(10) NOT NULL
) ENGINE=InnoDB DEFAULT CHARSET=utf8mb4 COLLATE=utf8mb4_general_ci;

--
-- Dumping data for table `comments`
--

INSERT INTO `comments` (`id`, `commentID`, `postID`, `acctID`, `content`, `time`, `date`, `fileID`, `imageID`) VALUES
(1, '8J26Xi212', 'jQ3BMZtE', 'un2kt7px', 'My name is', '03:13 PM', 'Fri Dec 15 2023', 'none', 'none'),
(2, 'tO2n1B212', 'jQ3BMZtE', 'un2kt7px', 'New2', '03:23 PM', 'Fri Dec 15 2023', 'emf1G2t6', 'none'),
(3, 'tO2n1B231', 'jQ3BMZtE', 'un2kt7px', 'new 3', '10:54 AM', 'Mon Dec 18 2023', 'none', 'VHXQ6s6O'),
(4, '1J26Xi223', 'YkqaXCPa', 'un2kt7px', 'kkkk', '03:33 PM', 'Fri Dec 15 2023', 'none', 'none'),
(5, '0QT309fJ', 'jQ3BMZtE', 'un2kt7px', 'ay panget', '03:53 AM', 'Fri Jan 26 2024', 'none', 'none'),
(6, 'g3IXFaPT', 'jQ3BMZtE', 'un2kt7px', 'talaga ba beh', '03:54 AM', 'Fri Jan 26 2024', 'none', 'none'),
(7, 'dDJTL02P', 'jQ3BMZtE', 'un2kt7px', 'ay cge beh', '03:57 AM', 'Fri Jan 26 2024', 'none', 'none'),
(8, 'hWkB7FqS', 'jQ3BMZtE', 'un2kt7px', 'ito na behh', '03:58 AM', 'Fri Jan 26 2024', 'none', 'none'),
(9, 'LE2Orx4r', 'jQ3BMZtE', 'un2kt7px', 'dsdsds', '04:09 AM', 'Fri Jan 26 2024', 'Hq4KoSMS', 'none'),
(10, 'Xv8YXoiL', 'jQ3BMZtE', 'un2kt7px', 'its true', '04:12 AM', 'Fri Jan 26 2024', 'MBNnN2F8', 'none'),
(11, 'R7M2yqOH', 'jQ3BMZtE', 'un2kt7px', 'its true', '04:14 AM', 'Fri Jan 26 2024', 'oeRN2G0o', 'none'),
(12, 'F5k8e6BL', 'jQ3BMZtE', 'un2kt7px', 'working promise', '04:15 AM', 'Fri Jan 26 2024', '8HJFLsGy', 'none'),
(13, 'wjfixoiE', 'jQ3BMZtE', 'un2kt7px', 'try', '04:17 AM', 'Fri Jan 26 2024', 'lG2HD7ql', 'none'),
(14, '6kbrKrrh', 'jQ3BMZtE', 'un2kt7px', 'dsdas', '11:27 AM', 'Fri Jan 26 2024', 'none', 'none'),
(15, '0Gndbmkx', 'eYIFfaMC', 'un2kt7px', 'sheesh', '12:19 PM', 'Fri Jan 26 2024', 'none', 'none'),
(16, 'AZ7pM3hh', '9oY6kRi8', 'un2kt7px', 'hahah nuyan', '12:20 PM', 'Fri Jan 26 2024', 'none', 'none'),
(17, '4cpAvAnK', '9oY6kRi8', 'VHXQ6s6O', 'HAHA POGI', '12:21 PM', 'Fri Jan 26 2024', 'none', 'none'),
(18, 'hKz29lig', 'oJlxaGuq', 'un2kt7px', 'asasd', '09:36 PM', 'Sun Jan 28 2024', 'none', 'none'),
(19, 'tpZ3mS4Y', '7IsBExcZ', 'WhpOtets', 'new 1', '08:48 AM', 'Mon Jan 29 2024', 'hRP4aof1', 'none');

-- --------------------------------------------------------

--
-- Table structure for table `files`
--

CREATE TABLE `files` (
  `id` int(10) NOT NULL,
  `name` varchar(100) NOT NULL,
  `type` varchar(50) NOT NULL,
  `data` varchar(100) NOT NULL,
  `fileID` varchar(10) NOT NULL
) ENGINE=InnoDB DEFAULT CHARSET=utf8mb4 COLLATE=utf8mb4_general_ci;

--
-- Dumping data for table `files`
--

INSERT INTO `files` (`id`, `name`, `type`, `data`, `fileID`) VALUES
(1, 'Prepare-Stock-Sauces-and-Soups-GROUP-5-FSP-BTVTED-FSM-1A.pptx', 'application/vnd.openxmlformats-officedocument.pres', 'file_1703604974548.pptx', 'tO2n1B9q'),
(2, 'luis-training-plan.docx', 'application/vnd.openxmlformats-officedocument.word', 'file_1703605531798.docx', 'OCyGiaLQ'),
(4, 'AGUNOY-SOPHIA-training-plan.docx', 'application/vnd.openxmlformats-officedocument.word', 'file_1703605763734.docx', '6K8Y3si4'),
(5, 'ACHIEVEMENT CHART-FLS FINAL.xlsx', 'application/vnd.openxmlformats-officedocument.spre', 'file_1703608899097.xlsx', 'y9HW8ezd'),
(6, 'LESSON PLAN RUMAR UPDATED.docx', 'application/vnd.openxmlformats-officedocument.word', 'file_1704712651099.docx', 'JEnSeor9'),
(7, 'LESSON PLAN RUMAR UPDATED.docx', 'application/vnd.openxmlformats-officedocument.word', 'file_1704961717706.docx', 'CtxuDeZX'),
(8, 'LESSON PLAN RUMAR UPDATED.docx', 'application/vnd.openxmlformats-officedocument.word', 'file_1704961729705.docx', 'AzMAC4gh'),
(9, 'print tacticle final.docx', 'application/vnd.openxmlformats-officedocument.word', 'file_1704982401235.docx', '8r8b5Vau'),
(10, 'rumar id.jpg', 'image/jpeg', 'file_1704982499316.jpg', 'yhVgNpO5'),
(11, 'print tactile.docx', 'application/vnd.openxmlformats-officedocument.word', 'file_1704982524949.docx', 'ZRcSM3YY'),
(12, 'file_1703604974548 (45).pptx', 'application/vnd.openxmlformats-officedocument.pres', 'file_1705033414955.pptx', 'KqYT2xp2'),
(13, 'waiver (1).docx', 'application/vnd.openxmlformats-officedocument.word', 'file_1705034759888.docx', '0kiAqYoK'),
(14, 'NFRDI-STrainS_Waiver.docx', 'application/vnd.openxmlformats-officedocument.word', 'file_1705034943832.docx', '2MLpXIAm'),
(15, 'file_1703604974548 (33).pptx', 'application/vnd.openxmlformats-officedocument.pres', 'file_1705035024879.pptx', 'tFOCllDe'),
(16, 'sample.xlsx', 'application/vnd.openxmlformats-officedocument.spre', 'file_1705035061575.xlsx', 'hZqdXFiq'),
(17, 'file_1703604974548 (29).pptx', 'application/vnd.openxmlformats-officedocument.pres', 'file_1705035360374.pptx', '9nGLhzHZ'),
(18, 'file_1703604974548 (35).pptx', 'application/vnd.openxmlformats-officedocument.pres', 'file_1705035509462.pptx', 'ZJrpipvE'),
(19, 'sample.xlsx', 'application/vnd.openxmlformats-officedocument.spre', 'file_1705035549583.xlsx', 'ilqOQQBk'),
(20, 'file_1703604974548 (31).pptx', 'application/vnd.openxmlformats-officedocument.pres', 'file_1705035853174.pptx', 'YT7RWmgw'),
(21, 'file_1703604974548 (32).pptx', 'application/vnd.openxmlformats-officedocument.pres', 'file_1705036002511.pptx', 'W4GKXGe1'),
(22, 'file_1703604974548 (37).pptx', 'application/vnd.openxmlformats-officedocument.pres', 'file_1705036124326.pptx', 'Vlf5Sd3P'),
(23, 'file_1703604974548 (35).pptx', 'application/vnd.openxmlformats-officedocument.pres', 'file_1705036164267.pptx', 'ZmO5ABVX'),
(24, 'waiver.docx', 'application/vnd.openxmlformats-officedocument.word', 'file_1705038329824.docx', 'emf1G2t6'),
(25, 'Questiology.pdf', 'application/pdf', 'file_1705777205783.pdf', 'EKqEGKcm'),
(26, 'Developing-Questions.pdf', 'application/pdf', 'file_1705779026429.pdf', '0L5L0Vpz'),
(27, 'Developing-Questions.pdf', 'application/pdf', 'file_1705779124901.pdf', 'aGncRCxA'),
(28, 'Developing-Questions.pdf', 'application/pdf', 'file_1705779188469.pdf', 'tCL3ExE1'),
(29, 'Developing-Questions.pdf', 'application/pdf', 'file_1705779240676.pdf', '7AAWF5tE'),
(30, 'file_1703605605396.pdf', 'application/pdf', 'file_1706096196771.pdf', 'dHxhWr6K'),
(31, 'file_1703605605396.pdf', 'application/pdf', 'file_1706096288551.pdf', 'XoQgKr4S'),
(32, 'file_1705777205783.pdf', 'application/pdf', 'file_1706096345665.pdf', 'MUeC3PM1'),
(33, 'file_1703605763734.docx', 'application/vnd.openxmlformats-officedocument.word', 'file_1706096352343.docx', '6w8hu3bc'),
(34, 'BLIS-4A _Resume_(OJT).pdf', 'application/pdf', 'file_1706213345984.pdf', 'Hq4KoSMS'),
(35, 'educ web.docx', 'application/vnd.openxmlformats-officedocument.word', 'file_1706213560436.docx', 'MBNnN2F8'),
(36, 'COMPLETION-FORM-2023.docx', 'application/vnd.openxmlformats-officedocument.word', 'file_1706213680840.docx', 'oeRN2G0o'),
(37, 'Application-Letter-Duque.pdf', 'application/pdf', 'file_1706213738657.pdf', '8HJFLsGy'),
(38, 'educ web (1).docx', 'application/vnd.openxmlformats-officedocument.word', 'file_1706213872993.docx', 'lG2HD7ql'),
(39, 'Application-Letter-Duque.pdf', 'application/pdf', 'file_1706352023290.pdf', 'blX0I7NM'),
(40, 'NFRDI-Waiver-Duque.pdf', 'application/pdf', 'file_1706352055757.pdf', 'rLNN8vio'),
(41, 'SAMPLE_RESUME_MASULI.pdf', 'application/pdf', 'file_1706352125533.pdf', 'aMFhkNjX'),
(42, 'file_1705777205783.pdf', 'application/pdf', 'file_1706449027447.pdf', 'IrJYs7z5'),
(43, 'file_1705777205783.pdf', 'application/pdf', 'file_1706489314488.pdf', 'hRP4aof1');

-- --------------------------------------------------------

--
-- Table structure for table `filllayout`
--

CREATE TABLE `filllayout` (
  `id` int(11) NOT NULL,
  `fillContent` varchar(100) NOT NULL,
  `fillType` varchar(5) NOT NULL,
  `fillPosition` int(11) NOT NULL,
  `fillLayoutID` varchar(10) NOT NULL
) ENGINE=InnoDB DEFAULT CHARSET=utf8mb4 COLLATE=utf8mb4_general_ci;

--
-- Dumping data for table `filllayout`
--

INSERT INTO `filllayout` (`id`, `fillContent`, `fillType`, `fillPosition`, `fillLayoutID`) VALUES
(1, 'q5', 'text', 1, '2ojgplEC'),
(2, 'q5', 'blank', 2, '2ojgplEC'),
(3, 'q5', 'text', 3, '2ojgplEC'),
(4, 'q6', 'text', 1, 'D9ZApYOD'),
(7, 'q6', 'text', 4, 'D9ZApYOD'),
(8, 'DSDSDS', 'text', 1, 'xZaxdwxK'),
(9, 'DSDS', 'blank', 2, 'xZaxdwxK'),
(10, 'What is my', 'text', 1, 'EJcb5AZC'),
(11, 'fave', 'blank', 2, 'EJcb5AZC'),
(12, 'color?', 'text', 3, 'EJcb5AZC'),
(13, 'bayang magiliw', 'text', 1, 'TRhAgqcV'),
(14, 'perlas ng silang alang', 'blank', 2, 'TRhAgqcV'),
(15, 'bayang magiliw', 'text', 3, 'TRhAgqcV'),
(16, 'ghvhgv', 'text', 1, 'OJSLJTvY'),
(17, 'jkbnhhjbj', 'blank', 2, 'OJSLJTvY'),
(18, 'i am', 'text', 1, 'aHcysuQC'),
(19, 'jehiah', 'blank', 2, 'aHcysuQC'),
(20, 'color?', 'blank', 2, 'XLYeJXnZ'),
(21, 'my name is', 'text', 1, 'pOlWtzB4'),
(22, 'what is ', 'text', 1, 'XLYeJXnZ'),
(23, 'Rumar Pamparo', 'blank', 2, 'pOlWtzB4'),
(24, 'im', 'text', 3, 'pOlWtzB4'),
(25, '23', 'blank', 4, 'pOlWtzB4'),
(26, 'yrs old', 'text', 5, 'pOlWtzB4'),
(27, 'dsdsds', 'blank', 1, 'RUOiLcPE'),
(28, 'dsdsds', 'blank', 2, 'RUOiLcPE'),
(29, 'dsdsds', 'text', 4, 'RUOiLcPE'),
(30, 'dsdsds', 'blank', 5, 'RUOiLcPE'),
(31, 'dsdsds', 'blank', 2, 'YXWApu2U'),
(32, 'dsdsds', 'blank', 3, 'YXWApu2U'),
(33, 'dsds', 'text', 1, 'YXWApu2U'),
(34, 'dsdsds', 'blank', 4, 'YXWApu2U'),
(35, 'dsds', 'text', 1, 'lskUhV0E'),
(36, 'rumar', 'blank', 2, 'lskUhV0E'),
(37, 'pamparo', 'blank', 3, 'lskUhV0E'),
(38, 'who is me? cat', 'blank', 1, 'eAzK97X0'),
(39, 'My name is', 'text', 1, 'wPgjtqxZ'),
(40, 'Mark', 'blank', 2, 'wPgjtqxZ'),
(41, 'Im ', 'text', 3, 'wPgjtqxZ'),
(42, '23', 'blank', 4, 'wPgjtqxZ'),
(43, 'years old', 'text', 5, 'wPgjtqxZ'),
(44, 'dsadsd', 'text', 1, 'TFpXUsSo'),
(45, 'dsadsd', 'blank', 2, 'TFpXUsSo'),
(46, 'dasdsa', 'text', 4, 'TFpXUsSo');

-- --------------------------------------------------------

--
-- Table structure for table `friends`
--

CREATE TABLE `friends` (
  `id` int(10) NOT NULL,
  `acctID` varchar(10) NOT NULL,
  `friendAcctID` varchar(10) NOT NULL,
  `fullname` varchar(50) NOT NULL
) ENGINE=InnoDB DEFAULT CHARSET=utf8mb4 COLLATE=utf8mb4_general_ci;

--
-- Dumping data for table `friends`
--

INSERT INTO `friends` (`id`, `acctID`, `friendAcctID`, `fullname`) VALUES
(64, '116bd490', '8J26Xi2P', 'Christian James T Tuliao'),
(71, 'un2kt7px', '116bd490', 'Mark Langcay Adduru'),
(83, 'un2kt7px', '077e0510', 'Manolito P Cabactulan'),
(84, 'un2kt7px', 'ced97302', 'Kyle F Arellano'),
(88, 'VHXQ6s6O', '077e0510', 'Manolito Paloma Cabactulan'),
(94, 'un2kt7px', 'VHXQ6s6O', 'Allan Jay C Caluigiran'),
(96, 'un2kt7px', '43WRp7AF', 'Rosemarie T Dela Cruz'),
(97, '077e0510', '43WRp7AF', 'Rosemarie T Dela Cruz'),
(98, '43WRp7AF', '077e0510', 'Manolito P Cabactulan'),
(100, 'un2kt7px', '8J26Xi2P', 'Christian James T Tuliao'),
(102, 'un2kt7px', 'VHXQ6s6O', 'Allan Jay C Caluigiran'),
(104, 'un2kt7px', '8C4px7jH', 'jco M drigo'),
(107, 'VHXQ6s6O', '077e0510', 'Manolito P Cabactulan'),
(108, '077e0510', 'VHXQ6s6O', 'Allan C Caluigiran');

-- --------------------------------------------------------

--
-- Table structure for table `image`
--

CREATE TABLE `image` (
  `id` int(11) NOT NULL,
  `name` varchar(255) NOT NULL,
  `type` varchar(100) NOT NULL,
  `data` varchar(100) NOT NULL,
  `imageID` varchar(10) NOT NULL
) ENGINE=InnoDB DEFAULT CHARSET=utf8mb4 COLLATE=utf8mb4_general_ci;

--
-- Dumping data for table `image`
--

INSERT INTO `image` (`id`, `name`, `type`, `data`, `imageID`) VALUES
(1, '344391301_785267086284456_4061475503426963811_n.jpg', 'image/jpeg', 'image_1701870720540.jpg', 'xVKKzdPD'),
(2, 'd0fd3e8b-b962-4eaa-910b-52450d13a98b', 'image/jpeg', 'image_1705395999108.png', 'VHXQ6s6O'),
(3, '1f518d5c-3429-4c1b-bb20-efcc8d955a0e', 'image/jpeg', 'image_1701254576533.jpg', 'UXWBLij6'),
(4, '0ee98ece-6e22-4ea0-8586-1a02f8558ff8', 'image/jpeg', 'image_1704957155388.jpg', 'un2kt7p1'),
(5, '076f5d6b-febf-462e-9feb-b0fb1d6a2075', 'image/jpeg', 'image_170169110392.jpg', 'SNSBjwH9'),
(6, 'befa7c30-3fac-44e6-a8ef-cfc52c1b86c0', 'image/jpeg', 'image_1701691103988.jpg', 'Ljs0ssxv'),
(7, 'c9216f48-f9fb-4a73-83f1-0d282d6fd311', 'image/jpeg', 'image_1701691103985.jpg', '8J26Xi2P'),
(8, 'af211a1b-ddac-42dc-a4cc-e792038f0dd8', 'image/jpeg', 'image_1701691103986.jpg', 'eab83fcf'),
(9, 'd3e58cdc-d3bc-4115-8151-ceb491ca3e6b', 'image/jpeg', 'image_1701686347342.jpg', 'd54148be'),
(10, 'c35da39c-444f-40f1-9226-259d0f1fe439', 'image/jpeg', 'image_1701868479470.png', 'ed08129b'),
(11, '27629e96-6eff-4cb3-b7fa-6af20bc3d402', 'image/jpeg', 'image_1701691103982.jpg', 'ba30881d'),
(12, 'aa8e55f9-aa85-4a33-a2c2-f655d2252297', 'image/jpeg', 'image_1701691103981.jpg', '5bf2cfe9'),
(23, '350262176_3170354303270490_7094168844908324087_n.jpg', 'image/jpeg', 'image_1701960874632.jpg', 'h3mACTVE'),
(24, '344726477_755956892604320_3631459900830752039_n.jpg', 'image/jpeg', 'image_1701961032197.jpg', '7RkhHNZX'),
(25, 'RESUME.jpg', 'image/jpeg', 'image_1701961241406.jpg', '7Zhdj32Q'),
(26, 'images-removebg-preview.png', 'image/png', 'image_1701961326686.png', 'wo5uVxfO'),
(27, 'Start.jpg', 'image/jpeg', 'image_1701961479792.jpg', '2iCyIHAs'),
(28, '350262176_3170354303270490_7094168844908324087_n.jpg', 'image/jpeg', 'image_1701961555129.jpg', '7w8NUi05'),
(29, '344064116_235538445731465_302811418920828679_n.jpg', 'image/jpeg', 'image_1701961569929.jpg', '7D0JjbqY'),
(30, '344562273_252098783865759_3040027615291264444_n.jpg', 'image/jpeg', 'image_1701961644866.jpg', 'TE6pMIDH'),
(31, '350262176_3170354303270490_7094168844908324087_n.jpg', 'image/jpeg', 'image_1702022948342.jpg', 'QiYSQ8BD'),
(32, 'image_sam.png', 'image/jpeg', 'image_sam.png', 'c8d9b2bd'),
(33, 'image_capstone.png', 'image/jpeg', 'image_capstone.png', '2cdbb370'),
(34, 'image_entrep.png', 'image/jpeg', 'image_entrep.png', '5fa1a8a3'),
(35, 'image_elective.png', 'image/jpeg', 'image_elective.png', '789053b6'),
(36, 'image_1122233334444.png', 'image/png', 'image_1702477954288.png', 'xZaxdwxK'),
(37, '358141633_1013823656449194_8048989606479484722_n.jpg', 'image/jpeg', 'image_1703050288571.jpg', '9B3G5paA'),
(38, 'Microsoft_Excel-Logo.wine-removebg-preview.png', 'image/png', 'image_1703085907287.png', '2UpwXtdO'),
(39, 'binangkal choco.jpg', 'image/jpeg', 'image_1704612772256.jpg', 'uMW04JPh'),
(40, 'default', 'image/jpeg', 'image_1704612772283.jpg', 'TRhAgqcV'),
(41, 'allan.png', 'image/png', 'image_1704612772250.png', '3vMf5DH8'),
(43, 'png-clipart-assorted-sewing-tool-lot-illustration-clothing-zipper-other.png', 'image/png', 'image_1704911808622.png', 'kpNeEbOA'),
(44, 'rumar id.jpg', 'image/jpeg', 'image_1704946546599.jpg', 'SSwebi5v'),
(45, 'rumar id.jpg', 'image/jpeg', 'image_1704946546599.jpg', 'SSwebi5v'),
(46, 'rumar id.jpg', 'image/jpeg', 'image_1704946594520.jpg', 'SSwebi5v'),
(47, 'resume.JPG', 'image/jpeg', 'image_170169110391.jpg', 'Tk6Bxe8U'),
(48, 'rumar id.jpg', 'image/jpeg', 'image_1704957155388.jpg', 'UYN3WU5Z'),
(49, '411193534_699297155648494_7290517341791348169_n.jpg', 'image/jpeg', 'image_1705034577794.jpg', 'aYDyApoa'),
(50, 'default', 'image/jpeg', 'image_1705395801459.jpg', 'XGzHWNYs'),
(51, 'allan.png', 'image/png', 'image_1705395999108.png', 'u52kYuEG'),
(52, 'default', 'image/jpeg', 'image_1705396251027.jpg', 'wHPz6xoh'),
(53, 'ACHOT ESTER.jpg', 'image/jpeg', 'image_1705396334107.jpg', '1dzKlqka'),
(54, 'ADS WONDER DROPS SEPT MONTH 2023 PNG 1.png', 'image/png', 'image_1705396373361.png', 'WdbNy5Og'),
(55, 'binangkal choco.jpg', 'image/jpeg', 'image_1705396560076.jpg', 'Mgk11GDK'),
(56, 'ALYON FRAME copy.jpg', 'image/jpeg', 'image_170169110393.jpg', 'n1wVBqUQ'),
(57, 'ADS WONDER DROPS BANNER copy.png', 'image/png', 'image_1705396815956.png', 'tIrgTvrA'),
(58, 'banner 2023.jpg', 'image/jpeg', 'image_1705396992788.jpg', 't0XfzQwy'),
(59, 'banner 1  2023.jpg', 'image/jpeg', 'image_1705397198360.jpg', '1pM9J8VA'),
(60, 'E-MOLIDO CANDY.png', 'image/png', 'image_1705397396698.png', 'JUiFN391'),
(61, 'default', 'image/jpeg', 'image_1705397485833.jpg', 'TXNsqSN3'),
(62, 'ARLENE.jpg', 'image/jpeg', 'image_1705397606929.jpg', 'rrreLBRC'),
(63, 'default', 'image/png', 'image_1705398747613.png', '7rXq0ytX'),
(64, 'default', 'image/jpeg', 'image_1705398790647.jpg', '8rADveS5'),
(65, 'default', 'image/jpeg', 'image_1701691103983.jpg', 'dpUUUDVK'),
(66, 'default', 'image/jpeg', 'image_1705399053384.jpg', 'ogrRsg2f'),
(67, 'default', 'image/jpeg', 'image_1705399244937.jpg', 'z4PKmF5V'),
(68, 'default', 'image/jpeg', 'image_1701691103984.jpg', 'SPdrCaPA'),
(69, 'default', 'image/jpeg', 'image_1705593139512.JPG', 'HQRxJ6UB'),
(70, 'download-removebg-preview (2).png', 'image/png', 'image_1701691103987.jpg', 'Eotl2h88'),
(71, 'default', 'image/png', 'image_capstone.png', '5nhHfr52'),
(72, '68249729_3105316406153138_1811290448635887616_n.jpg', 'image/jpeg', 'image_170169110396.jpg', 'fyuEUgwl'),
(73, 'image_1701690570512.jpg', 'image/jpeg', 'image_1706035579095.jpg', 'qUCIfzNq'),
(74, 'image_17016911032.jpg', 'image/jpeg', 'image_1706035716736.jpg', '6Xa6RJps'),
(75, 'image_entrep.png', 'image/png', 'image_1706035756912.png', '55WQNwWr'),
(76, 'image_17016911032.jpg', 'image/jpeg', 'image_1706035788056.jpg', '31SWSLLW'),
(77, 'image_170169110391.jpg', 'image/jpeg', 'image_1706096265072.jpg', 'Tx16tTGn'),
(78, 'image_170169110392.jpg', 'image/jpeg', 'image_1706096296230.jpg', 'a6Xec99y'),
(79, 'image_1701668137802.png', 'image/png', 'image_1706096362470.png', '4uo6d8kO'),
(80, 'download-removebg-preview (7).png', 'image/png', 'image_1706119026433.png', 'wnO4vqMR'),
(81, '425611406_1070057820765758_5923240528812158650_n.gif', 'image/gif', 'image_1707986139984.gif', 'Y39N7rdw'),
(82, 'image_1711072820723.jpg', 'image/jpeg', 'YHWH.jpg', '8L4BSQPr');

-- --------------------------------------------------------

--
-- Table structure for table `members`
--

CREATE TABLE `members` (
  `ID` int(10) NOT NULL,
  `membersID` varchar(10) NOT NULL,
  `acctID` varchar(10) NOT NULL,
  `firstname` varchar(50) NOT NULL,
  `middlename` varchar(50) NOT NULL,
  `lastname` varchar(50) NOT NULL,
  `memberType` varchar(10) NOT NULL
) ENGINE=InnoDB DEFAULT CHARSET=utf8mb4 COLLATE=utf8mb4_general_ci;

--
-- Dumping data for table `members`
--

INSERT INTO `members` (`ID`, `membersID`, `acctID`, `firstname`, `middlename`, `lastname`, `memberType`) VALUES
(1, 'BiJ456Aj', 'VHXQ6s6O', 'Allan', 'Caranguioan', 'Caluigiran', 'member'),
(3, 'BiJ456Aj', 'un2kt7px', 'Rumar', 'Capoquian', 'Pamparo', 'admin'),
(10, '42d8800e', 'VHXQ6s63', 'Jeff', 'Hole', 'Hardy', 'member'),
(14, 'faa6cbfa', 'VHXQ6s6O', 'Allan Jay', 'Caranguioan', 'Caluigiran', 'member'),
(16, '534aa38a', 'VHXQ6s68', 'Mike', 'Reynos', 'Pitt', 'member'),
(25, '42d8800e', 'un2kt7px', 'Rumar', 'Capoquian', 'Pamparo', 'admin'),
(45, 'yqfiQbb0', 'un2kt7px', 'Rumar', 'Capoquian', 'Pamparo', 'admin'),
(46, 'G6pFdeC8', 'un2kt7px', 'Rumar', 'Capoquian', 'Pamparo', 'admin'),
(47, 'B4xPtUgz', 'un2kt7px', 'Rumar', 'Capoquian', 'Pamparo', 'admin'),
(48, '1d9Mp4Sc', 'un2kt7px', 'Rumar', 'Capoquian', 'Pamparo', 'admin'),
(49, 'FiyUQ57t', 'un2kt7px', 'Rumar', 'Capoquian', 'Pamparo', 'admin'),
(50, 'yqfiQbb0', 'VHXQ6s6O', 'Allan Jay', 'Caranguioan', 'Caluigiran', 'member'),
(64, '7rXq0ytX', 'un2kt7px', 'Rumar', 'Capoquian', 'Pamparo', 'admin'),
(65, '8rADveS5', 'un2kt7px', 'Rumar', 'Capoquian', 'Pamparo', 'admin'),
(66, 'dpUUUDVK', 'un2kt7px', 'Rumar', 'Capoquian', 'Pamparo', 'admin'),
(67, 'ogrRsg2f', 'un2kt7px', 'Rumar', 'Capoquian', 'Pamparo', 'admin'),
(68, 'z4PKmF5V', 'un2kt7px', 'Rumar', 'Capoquian', 'Pamparo', 'admin'),
(69, 'SPdrCaPA', 'un2kt7px', 'Rumar', 'Capoquian', 'Pamparo', 'admin'),
(70, 'HQRxJ6UB', 'un2kt7px', 'Rumar', 'Capoquian', 'Pamparo', 'admin'),
(72, 'BiJ456Aj', 'lLpiO905', 'JD', 'Balisi', 'Tumaliuan', 'member'),
(76, 'SPdrCaPA', 'VHXQ6s6O', 'Allan Jay', 'Caranguioan', 'Caluigiran', 'member'),
(87, 'BiJ456Aj', '077e0510', 'Manolito', 'Paloma', 'Cabactulan', 'member'),
(88, 'BiJ456Aj', 'Ljs0ssxv', 'Justin', 'Capoquian', 'Pamparo', 'member'),
(89, 'BiJ456Aj', 'Cpqve4o0', 'Saralyn', 'Elarde', 'Quilang', 'member'),
(93, '42d8800e', 'lLpiO905', 'JD', 'Balisi', 'Tumaliuan', 'member'),
(94, 'BiJ456Aj', 'SNSBjwH9', 'Reneal', 'Cubeta', 'Accad', 'member'),
(95, 'BiJ456Aj', 'WhpOtets', 'Red', 'Horse', 'Ito ang laban', 'member'),
(96, 'vhgu87yu', 'un2kt7px', 'Rumar', 'Capoquian', 'Pamparo', 'admin'),
(97, '8L4BSQPr', 'un2kt7px', 'Rumar', 'Capoquian', 'Pamparo', 'admin');

-- --------------------------------------------------------

--
-- Table structure for table `messages`
--

CREATE TABLE `messages` (
  `id` int(11) NOT NULL,
  `messageID` varchar(10) NOT NULL,
  `roomID` varchar(10) NOT NULL,
  `messageContent` varchar(100) NOT NULL,
  `messageSender` varchar(50) NOT NULL,
  `messageReceiver` varchar(50) NOT NULL,
  `date` varchar(20) NOT NULL,
  `time` varchar(20) NOT NULL
) ENGINE=InnoDB DEFAULT CHARSET=utf8mb4 COLLATE=utf8mb4_general_ci;

--
-- Dumping data for table `messages`
--

INSERT INTO `messages` (`id`, `messageID`, `roomID`, `messageContent`, `messageSender`, `messageReceiver`, `date`, `time`) VALUES
(1, 'tn2kt7pp', 'un2kt788', 'Hi, lan kamusta ka may assignment kana ba perd?', 'un2kt7px', 'VHXQ6s6O', 'Wed Dec 20 2023', '01:21 PM'),
(2, 'in2kt7pp', 'un2kt788', 'wala pa nga tolss eh.', 'VHXQ6s6O', 'un2kt7px', 'Wed Dec 20 2023', '02:21 PM'),
(3, 'tn2kt7py', '116bdgh6', 'Tols  kamusta na dyan?', '116bd490', 'un2kt7px', 'Wed Dec 20 2023', '02:21 PM'),
(4, 'kROSiWWi', 'KVdJop4Z', 'date', 'un2kt7px', '116bd490', 'Tue Dec 26 2023', '07:33 PM'),
(5, '2263olLK', 'ghbh581v', 'wheee', 'un2kt7px', '116bd490', 'Tue Dec 26 2023', '07:35 PM'),
(6, 'W4QjOhi2', 'un2kt788', 'ok cge', 'un2kt7px', 'VHXQ6s6O', 'Tue Dec 26 2023', '07:49 PM'),
(7, 'etmIH6xu', 'un2kt788', 'dsdsds', 'un2kt7px', 'VHXQ6s6O', 'Tue Dec 26 2023', '07:56 PM'),
(8, 'zVxTM0xl', 'un2kt788', 'new', 'un2kt7px', 'VHXQ6s6O', 'Tue Dec 26 2023', '07:58 PM'),
(9, 'KEamOo7p', 'un2kt788', 'new', 'un2kt7px', 'VHXQ6s6O', 'Tue Dec 26 2023', '07:58 PM'),
(10, '4ig1Y0qM', 'un2kt788', 'paano', 'un2kt7px', 'VHXQ6s6O', 'Tue Dec 26 2023', '08:01 PM'),
(11, 'bpfBFf7Z', 'un2kt788', 'paano', 'un2kt7px', 'VHXQ6s6O', 'Tue Dec 26 2023', '08:01 PM'),
(12, 'wenc7u4L', 'un2kt788', 'ayy wehhhh', 'un2kt7px', 'VHXQ6s6O', 'Tue Dec 26 2023', '08:03 PM'),
(13, 'svh0As0k', 'un2kt788', 'uyy lan', 'un2kt7px', 'VHXQ6s6O', 'Tue Dec 26 2023', '08:06 PM'),
(14, '86XJ2kS8', 'un2kt788', 'gagi bat ganun', 'VHXQ6s6O', 'un2kt7px', 'Tue Dec 26 2023', '08:06 PM'),
(15, 'mA1tcAOi', 'un2kt788', 'sheet', 'VHXQ6s6O', 'un2kt7px', 'Tue Dec 26 2023', '08:17 PM'),
(16, 'wWzmDJNb', 'un2kt788', 'ay wehh', 'un2kt7px', 'VHXQ6s6O', 'Tue Dec 26 2023', '08:17 PM'),
(17, 'KumfwHuZ', 'un2kt788', 'dsdsd', 'VHXQ6s6O', 'un2kt7px', 'Tue Dec 26 2023', '08:18 PM'),
(21, 'LFFs44up', 'un2kt788', 'dsdsdsddddddddd', 'un2kt7px', 'VHXQ6s6O', 'Tue Dec 26 2023', '08:19 PM'),
(22, 'BJpPnMGd', 'un2kt788', 'ddsdsd', 'VHXQ6s6O', 'un2kt7px', 'Tue Dec 26 2023', '08:19 PM'),
(23, 'xwHvRuLO', 'un2kt788', 'gagi', 'un2kt7px', 'VHXQ6s6O', 'Tue Dec 26 2023', '08:21 PM'),
(24, '5yoRF1Ul', 'un2kt788', 'sheeett', 'un2kt7px', 'VHXQ6s6O', 'Tue Dec 26 2023', '08:29 PM'),
(25, '21gj8Msz', 'un2kt788', 'xxdsd', 'VHXQ6s6O', 'un2kt7px', 'Tue Dec 26 2023', '08:29 PM'),
(26, 'kap2Mg2w', 'un2kt788', 'dsdsds', 'VHXQ6s6O', 'un2kt7px', 'Tue Dec 26 2023', '08:33 PM'),
(27, 'KPq0e7EU', 'un2kt788', 'dsdsds', 'un2kt7px', 'VHXQ6s6O', 'Tue Dec 26 2023', '08:34 PM'),
(28, 'F0fFOtRW', 'un2kt788', 'dsddddddd', 'un2kt7px', 'VHXQ6s6O', 'Tue Dec 26 2023', '08:34 PM'),
(29, 'F2u6e9n8', 'un2kt788', 'dsdsd', 'VHXQ6s6O', 'un2kt7px', 'Tue Dec 26 2023', '08:35 PM'),
(30, 'Rr8NMbth', 'un2kt788', 'dsdsd', 'un2kt7px', 'VHXQ6s6O', 'Tue Dec 26 2023', '08:35 PM'),
(31, 'wC8Wfn1S', 'un2kt788', 'cge nga', 'un2kt7px', 'VHXQ6s6O', 'Tue Dec 26 2023', '08:35 PM'),
(32, 'DWpbp2Tb', 'un2kt788', 'dsdsdcsds', 'VHXQ6s6O', 'un2kt7px', 'Tue Dec 26 2023', '08:36 PM'),
(33, 'uvsDKtdM', 'un2kt788', 'dsdsdcsdsdsd', 'VHXQ6s6O', 'un2kt7px', 'Tue Dec 26 2023', '08:37 PM'),
(34, 'Gp69IUwI', 'un2kt788', 'sasasasas', 'un2kt7px', 'VHXQ6s6O', 'Tue Dec 26 2023', '08:38 PM'),
(35, '9Ti3JTX5', 'un2kt788', 'ssds', 'VHXQ6s6O', 'un2kt7px', 'Tue Dec 26 2023', '08:39 PM'),
(36, 't3kzTuz1', 'un2kt788', 'dsdsd', 'un2kt7px', 'VHXQ6s6O', 'Tue Dec 26 2023', '08:40 PM'),
(37, 'oUjEvCUV', 'un2kt788', 'dsds', 'un2kt7px', 'VHXQ6s6O', 'Tue Dec 26 2023', '08:41 PM'),
(38, 'ekH089uo', 'un2kt788', 'dsdsdsds', 'un2kt7px', 'VHXQ6s6O', 'Tue Dec 26 2023', '08:41 PM'),
(39, 'M84F49AE', 'un2kt788', 'ssdsdsds', 'VHXQ6s6O', 'un2kt7px', 'Tue Dec 26 2023', '08:41 PM'),
(40, 'NOZaTyml', 'un2kt788', 'dsdsdsds', 'un2kt7px', 'VHXQ6s6O', 'Tue Dec 26 2023', '08:41 PM'),
(41, 'IhVyo4TI', '116bdgh6', 'dfsdfdf', 'un2kt7px', '116bd490', 'Tue Dec 26 2023', '08:43 PM'),
(42, 'M1ogBuLH', 'un2kt788', 'ffffff', 'un2kt7px', 'VHXQ6s6O', 'Tue Dec 26 2023', '08:43 PM'),
(43, 'HmXKsT1E', 'un2kt788', 'dsds', 'VHXQ6s6O', 'un2kt7px', 'Tue Dec 26 2023', '08:44 PM'),
(44, 'HbpUaqfi', 'un2kt788', 'oyyy', 'VHXQ6s6O', 'un2kt7px', 'Sun Dec 31 2023', '07:34 PM'),
(45, 'j4FDFyhc', 'un2kt788', 'dsdsd', 'VHXQ6s6O', 'un2kt7px', 'Sun Dec 31 2023', '08:00 PM'),
(46, 'ydEfxqwS', 'un2kt788', 'dsdsd', 'VHXQ6s6O', 'un2kt7px', 'Sun Dec 31 2023', '08:00 PM'),
(47, 'ygct7bBJ', 'un2kt788', 'dsfdfd', 'VHXQ6s6O', 'un2kt7px', 'Sun Dec 31 2023', '08:03 PM'),
(48, '6RbB9UHf', 'un2kt788', 'dsdsd', 'VHXQ6s6O', 'un2kt7px', 'Sun Dec 31 2023', '08:12 PM'),
(49, 'epEjR91y', 'un2kt788', 'uyyy', 'un2kt7px', 'VHXQ6s6O', 'Mon Jan 01 2024', '01:03 AM'),
(50, 'gcpkmcJj', 'un2kt788', 'uy perd', 'VHXQ6s6O', 'un2kt7px', 'Mon Jan 01 2024', '01:19 AM'),
(51, '0leCfKeL', 'un2kt788', 'lah', 'VHXQ6s6O', 'un2kt7px', 'Mon Jan 01 2024', '01:21 AM'),
(52, 'MWrtMISt', 'un2kt788', 'lah', 'VHXQ6s6O', 'un2kt7px', 'Mon Jan 01 2024', '01:22 AM'),
(53, 'ZebMLCn7', 'un2kt788', 'lah', 'VHXQ6s6O', 'un2kt7px', 'Mon Jan 01 2024', '01:24 AM'),
(54, '08futant', 'un2kt788', 'dsdsd', 'un2kt7px', 'VHXQ6s6O', 'Mon Jan 01 2024', '01:25 AM'),
(55, '1LrHtIUJ', 'un2kt788', 'dsdsd', 'un2kt7px', 'VHXQ6s6O', 'Mon Jan 01 2024', '01:28 AM'),
(56, '1Tl8tONg', 'un2kt788', 'dsds', 'VHXQ6s6O', 'un2kt7px', 'Mon Jan 01 2024', '01:28 AM'),
(57, 'HuHireka', 'un2kt788', 'dsdsds', 'un2kt7px', 'VHXQ6s6O', 'Mon Jan 01 2024', '01:29 AM'),
(58, 'H1mCJuR5', 'un2kt788', 'dsds', 'un2kt7px', 'VHXQ6s6O', 'Mon Jan 01 2024', '01:33 AM'),
(59, 'sZ2pDmLB', 'un2kt788', 'dsdsd', 'un2kt7px', 'VHXQ6s6O', 'Mon Jan 01 2024', '01:41 AM'),
(60, 'opnrdGM3', 'un2kt788', 'dsdsddddd', 'un2kt7px', 'VHXQ6s6O', 'Mon Jan 01 2024', '01:41 AM'),
(61, '2rBksQDy', 'un2kt788', 'yes', 'un2kt7px', 'VHXQ6s6O', 'Mon Jan 01 2024', '02:10 AM'),
(62, '3RD5ssFz', 'un2kt788', 'oy tol', 'un2kt7px', 'VHXQ6s6O', 'Mon Jan 01 2024', '02:11 AM'),
(63, 'WinMBAbM', 'un2kt788', 'perd musta', 'un2kt7px', 'VHXQ6s6O', 'Mon Jan 01 2024', '02:12 AM'),
(64, 'af0YKtJU', 'un2kt788', 'dsdsds', 'un2kt7px', 'VHXQ6s6O', 'Mon Jan 01 2024', '02:15 AM'),
(65, 'HuxWRuOg', 'un2kt788', 'dsdsds', 'un2kt7px', 'VHXQ6s6O', 'Mon Jan 01 2024', '02:15 AM'),
(66, 'KXVRVva5', 'un2kt788', 'dsdsds', 'un2kt7px', 'VHXQ6s6O', 'Mon Jan 01 2024', '02:17 AM'),
(67, 'ZemUP8kh', 'un2kt788', 'sasas', 'un2kt7px', 'VHXQ6s6O', 'Mon Jan 01 2024', '02:18 AM'),
(68, 'Xtn7jems', 'un2kt788', 'uy tolss', 'VHXQ6s6O', 'un2kt7px', 'Tue Jan 02 2024', '11:43 AM'),
(69, 'aTU9QaaZ', 'un2kt788', 'uyy par', 'un2kt7px', 'VHXQ6s6O', 'Tue Jan 02 2024', '12:01 PM'),
(70, 'EQvVi1OE', 'un2kt788', 'par', 'un2kt7px', 'VHXQ6s6O', 'Tue Jan 02 2024', '12:02 PM'),
(71, 'qAqVUMUp', 'un2kt788', 'shees', 'VHXQ6s6O', 'un2kt7px', 'Tue Jan 02 2024', '12:13 PM'),
(72, 'w0eIqTeP', 'un2kt788', 'uyy tollsss', 'VHXQ6s6O', 'un2kt7px', 'Mon Jan 08 2024', '07:09 PM'),
(73, '1m3YZCLQ', 'un2kt788', 'ano na lann', 'un2kt7px', 'VHXQ6s6O', 'Mon Jan 08 2024', '07:09 PM'),
(74, 'H5Rz4IyZ', '116bdgh6', 'oyy mak', 'un2kt7px', '116bd490', 'Mon Jan 08 2024', '07:12 PM'),
(75, 'fDOTjXl7', '116bdgh6', 'toll kamusta', 'un2kt7px', '116bd490', 'Mon Jan 08 2024', '07:15 PM'),
(76, 'KQcYjs39', 'un2kt788', 'hashha\n', 'un2kt7px', 'VHXQ6s6O', 'Mon Jan 08 2024', '09:09 PM'),
(77, 'N5jNAUF6', 'khntPBOy', 'New', 'un2kt7px', '077e0510', 'Fri Jan 12 2024', '01:52 PM'),
(78, 'aPkHuIEf', '3FPGmFm9', 'hello', 'VHXQ6s6O', '077e0510', 'Fri Jan 12 2024', '01:52 PM'),
(79, '1mzZZNHy', 'un2kt788', 'OK na', 'VHXQ6s6O', 'un2kt7px', 'Fri Jan 12 2024', '01:59 PM'),
(80, 'atLrqraO', 'un2kt788', 'paa', 'un2kt7px', 'VHXQ6s6O', 'Fri Jan 12 2024', '01:59 PM'),
(81, 'Ejv0Iq3J', 'un2kt788', 'new', 'VHXQ6s6O', 'un2kt7px', 'Fri Jan 12 2024', '02:00 PM'),
(82, 'o4lHxS42', 'un2kt788', 'allan cutie', 'un2kt7px', 'VHXQ6s6O', 'Wed Jan 24 2024', '02:58 AM'),
(83, 'ynb8xaqy', 'un2kt788', 'ggg', 'VHXQ6s6O', 'un2kt7px', 'Wed Jan 24 2024', '02:59 AM'),
(84, 'MtYjlgzK', 'un2kt788', '123', 'VHXQ6s6O', 'un2kt7px', 'Wed Jan 24 2024', '02:59 AM'),
(85, 'oI9lntG4', 'un2kt788', '1111', 'VHXQ6s6O', 'un2kt7px', 'Wed Jan 24 2024', '02:59 AM'),
(86, 'rlNL9V5z', 'un2kt788', 'dsdsd', 'VHXQ6s6O', 'un2kt7px', 'Wed Jan 24 2024', '03:31 AM'),
(87, 'mKvzXkeZ', 'un2kt788', 'dsdsddddd', 'VHXQ6s6O', 'un2kt7px', 'Wed Jan 24 2024', '03:32 AM'),
(88, 'REbNgCtS', 'un2kt788', 'dsdsfff', 'un2kt7px', 'VHXQ6s6O', 'Wed Jan 24 2024', '03:34 AM'),
(89, '5HDcku39', 'ZQNqAzq6', 'Hi', '43WRp7AF', 'un2kt7px', 'Wed Jan 24 2024', '05:01 AM'),
(90, 'hti8MU5V', 'ZgSA6wvu', 'sdfsdfsdfsdf\n', 'un2kt7px', '8J26Xi2P', 'Wed Jan 24 2024', '07:31 PM'),
(91, 'wsBjbtrT', '3dTUGNks', 'TESST\n', 'un2kt7px', 'ced97302', 'Wed Jan 24 2024', '07:31 PM'),
(92, 'qvyppK29', 'un2kt788', 'TESST\n', 'un2kt7px', 'VHXQ6s6O', 'Wed Jan 24 2024', '07:32 PM'),
(93, 'QwFBopP9', 'un2kt788', 'TESST\n', 'un2kt7px', 'VHXQ6s6O', 'Wed Jan 24 2024', '07:32 PM'),
(94, '9YOT9X9D', 'un2kt788', 'TESST\n', 'un2kt7px', 'VHXQ6s6O', 'Wed Jan 24 2024', '07:32 PM'),
(95, 'R56txUAC', 'un2kt788', 'TESST\n', 'un2kt7px', 'VHXQ6s6O', 'Wed Jan 24 2024', '07:32 PM'),
(96, 'pv6MLtQn', 'un2kt788', 'ASDASDASD\n', 'VHXQ6s6O', 'un2kt7px', 'Wed Jan 24 2024', '07:33 PM'),
(97, 'fJAjvwo6', 'un2kt788', 'TESST\n', 'un2kt7px', 'VHXQ6s6O', 'Wed Jan 24 2024', '07:33 PM'),
(98, '1qDlBAjP', 'kJAhSFzK', 'neal', 'un2kt7px', 'SNSBjwH9', 'Sun Jan 28 2024', '10:04 PM'),
(99, '5gWbq7ia', 'kJAhSFzK', 'rumar', 'SNSBjwH9', 'un2kt7px', 'Sun Jan 28 2024', '10:04 PM'),
(100, 'QJeoHI7p', '3FPGmFm9', 'uyy bro\n', '077e0510', 'VHXQ6s6O', 'Thu Feb 15 2024', '04:40 PM'),
(101, 'DgvJNN6v', '3FPGmFm9', 'uy lannn', 'VHXQ6s6O', '077e0510', 'Thu Feb 15 2024', '04:40 PM'),
(102, '3q5SfOKA', '3FPGmFm9', 'dsads', 'VHXQ6s6O', '077e0510', 'Thu Feb 15 2024', '04:41 PM'),
(103, '7PjPV1bP', '3FPGmFm9', 'hey bro\n', '077e0510', 'VHXQ6s6O', 'Thu Feb 15 2024', '04:41 PM'),
(104, 'DvhrfMlj', '3FPGmFm9', 'panget mo boy', 'VHXQ6s6O', '077e0510', 'Thu Feb 15 2024', '04:41 PM'),
(105, 'WKgXXxqB', '3FPGmFm9', 'dsds', '077e0510', 'VHXQ6s6O', 'Thu Feb 15 2024', '04:43 PM'),
(106, 'Po7cOU3f', '3FPGmFm9', 'dsadsad', 'VHXQ6s6O', '077e0510', 'Thu Feb 15 2024', '04:43 PM');

-- --------------------------------------------------------

--
-- Table structure for table `post`
--

CREATE TABLE `post` (
  `id` int(10) NOT NULL,
  `postID` varchar(10) NOT NULL,
  `acctID` varchar(50) NOT NULL,
  `name` varchar(50) NOT NULL,
  `timePosted` varchar(10) NOT NULL,
  `datePosted` varchar(50) NOT NULL,
  `postContent` varchar(100) NOT NULL,
  `replyID` varchar(10) NOT NULL,
  `imageID` varchar(10) NOT NULL,
  `fileID` varchar(10) NOT NULL,
  `heartCount` int(10) NOT NULL,
  `likeCount` int(10) NOT NULL,
  `classCode` varchar(10) NOT NULL,
  `subjectName` varchar(50) NOT NULL,
  `postType` varchar(20) NOT NULL,
  `quizID` varchar(10) NOT NULL,
  `schedID` varchar(10) NOT NULL,
  `duration` int(10) NOT NULL,
  `random` varchar(10) NOT NULL
) ENGINE=InnoDB DEFAULT CHARSET=utf8mb4 COLLATE=utf8mb4_general_ci;

--
-- Dumping data for table `post`
--

INSERT INTO `post` (`id`, `postID`, `acctID`, `name`, `timePosted`, `datePosted`, `postContent`, `replyID`, `imageID`, `fileID`, `heartCount`, `likeCount`, `classCode`, `subjectName`, `postType`, `quizID`, `schedID`, `duration`, `random`) VALUES
(1, '', 'un2kt7px', 'Rumar C. Pamparo', '09:52 PM', 'Wed Dec 06 2023', 'sddasd', '5B7Rww8K', 'xVKKzdPD', 'none', 0, 0, 'IT 411', 'CAPSTONE 1', 'normal', 'none', 'none', 0, ''),
(3, '', 'un2kt7px', 'Rumar C. Pamparo', '08:51 PM', 'Thu Dec 07 2023', 'sdasds', 'GoWYC8sL', 'BgJ3t4MP', 'none', 0, 0, 'IT 411', 'CAPSTONE 1', 'normal', 'none', 'none', 0, ''),
(4, '', 'un2kt7px', 'Rumar C. Pamparo', '08:52 PM', 'Thu Dec 07 2023', 'sdsds', 'lz8YnK4M', 'lNp3faZo', 'none', 0, 0, 'IT 411', 'CAPSTONE 1', 'normal', 'none', 'none', 0, ''),
(5, '', 'un2kt7px', 'Rumar C. Pamparo', '08:54 PM', 'Thu Dec 07 2023', 'new', 'th5tRTPX', 'none', 'none', 0, 0, 'IT 411', 'CAPSTONE 1', 'normal', 'none', 'none', 0, ''),
(6, '', 'un2kt7px', 'Rumar C. Pamparo', '08:55 PM', 'Thu Dec 07 2023', 'new', 'gIDCnZAo', 'uugpOyPV', 'none', 0, 0, 'IT 411', 'CAPSTONE 1', 'normal', 'none', 'none', 0, ''),
(7, '', 'un2kt7px', 'Rumar C. Pamparo', '08:56 PM', 'Thu Dec 07 2023', 'ddd', 'jqb0ptTS', 'Mlwz4yH7', 'none', 0, 0, 'IT 411', 'CAPSTONE 1', 'normal', 'none', 'none', 0, ''),
(8, '', 'un2kt7px', 'Rumar C. Pamparo', '09:13 PM', 'Thu Dec 07 2023', 'ddddssss', 'nqC0uaF6', 'a6JZAzwq', 'none', 0, 0, 'IT 411', 'CAPSTONE 1', 'normal', 'none', 'none', 0, ''),
(9, '', 'un2kt7px', 'Rumar C. Pamparo', '09:14 PM', 'Thu Dec 07 2023', 'bago', 'bRt6GrBF', 'none', 'none', 0, 0, 'IT 411', 'CAPSTONE 1', 'normal', 'none', 'none', 0, ''),
(10, '', 'un2kt7px', 'Rumar C. Pamparo', '09:14 PM', 'Thu Dec 07 2023', 'new', '1yXI8rBo', 'none', 'none', 0, 0, 'IT 411', 'CAPSTONE 1', 'normal', 'none', 'none', 0, ''),
(11, '', 'un2kt7px', 'Rumar C. Pamparo', '09:15 PM', 'Thu Dec 07 2023', 'bago ba?', 'z0bYOTMw', 'none', 'none', 0, 0, 'IT 411', 'CAPSTONE 1', 'normal', 'none', 'none', 0, ''),
(12, '', 'un2kt7px', 'Rumar C. Pamparo', '09:17 PM', 'Thu Dec 07 2023', 'cge', 'DYXaf9Vt', 'none', 'none', 0, 0, 'IT 411', 'CAPSTONE 1', 'normal', 'none', 'none', 0, ''),
(13, '', 'un2kt7px', 'Rumar C. Pamparo', '09:20 PM', 'Thu Dec 07 2023', 'sasaas', 'tNUfoNfr', 'vKs4sRHB', 'none', 0, 0, 'IT 411', 'CAPSTONE 1', 'normal', 'none', 'none', 0, ''),
(14, '', 'un2kt7px', 'Rumar C. Pamparo', '09:21 PM', 'Thu Dec 07 2023', 'cge new', 'WqtlUwL4', 'gV8KcNG0', 'none', 0, 0, 'IT 411', 'CAPSTONE 1', 'normal', 'none', 'none', 0, ''),
(15, '', 'un2kt7px', 'Rumar C. Pamparo', '09:22 PM', 'Thu Dec 07 2023', 'ok', 'upv6z5H8', 'none', 'none', 0, 0, 'IT 411', 'CAPSTONE 1', 'normal', 'none', 'none', 0, ''),
(16, '', 'un2kt7px', 'Rumar C. Pamparo', '09:23 PM', 'Thu Dec 07 2023', 'ddsds', '1xlaLlfQ', 'vNeXlpOF', 'none', 0, 0, 'IT 411', 'CAPSTONE 1', 'normal', 'none', 'none', 0, ''),
(17, '', 'un2kt7px', 'Rumar C. Pamparo', '09:25 PM', 'Thu Dec 07 2023', 'ok cge', 'etSgaNbr', 'ZdTQDzpj', 'none', 0, 0, 'IT 411', 'CAPSTONE 1', 'normal', 'none', 'none', 0, ''),
(18, '', 'un2kt7px', 'Rumar C. Pamparo', '09:27 PM', 'Thu Dec 07 2023', 'ccsd', 'BbCGYjyW', 'kgBdAC8o', 'none', 0, 0, 'IT 411', 'CAPSTONE 1', 'normal', 'none', 'none', 0, ''),
(19, '', 'un2kt7px', 'Rumar C. Pamparo', '09:27 PM', 'Thu Dec 07 2023', 'dasds', 'CNOx65oh', 'none', 'none', 0, 0, 'IT 411', 'CAPSTONE 1', 'normal', 'none', 'none', 0, ''),
(20, '', 'un2kt7px', 'Rumar C. Pamparo', '09:28 PM', 'Thu Dec 07 2023', 'cs', 'Z8eqTHha', 'rRtvvJHG', 'none', 0, 0, 'IT 411', 'CAPSTONE 1', 'normal', 'none', 'none', 0, ''),
(21, '', 'un2kt7px', 'Rumar C. Pamparo', '09:29 PM', 'Thu Dec 07 2023', 'cger', 'xRjNHuP4', 'none', 'none', 0, 0, 'IT 411', 'CAPSTONE 1', 'normal', 'none', 'none', 0, ''),
(22, '', 'un2kt7px', 'Rumar C. Pamparo', '09:29 PM', 'Thu Dec 07 2023', 'ok po', 'COOMmOto', 'AtRoRpT6', 'none', 0, 0, 'IT 411', 'CAPSTONE 1', 'normal', 'none', 'none', 0, ''),
(23, '', 'un2kt7px', 'Rumar C. Pamparo', '09:33 PM', 'Thu Dec 07 2023', 'dsdas', 'gvVXtjIm', 'none', 'none', 0, 0, 'IT 411', 'CAPSTONE 1', 'normal', 'none', 'none', 0, ''),
(24, '', 'un2kt7px', 'Rumar C. Pamparo', '10:36 PM', 'Thu Dec 07 2023', 'newBagggoo', 'L5TFakok', 'none', 'none', 0, 0, 'IT 411', 'CAPSTONE 1', 'normal', 'none', 'none', 0, ''),
(25, '', 'un2kt7px', 'Rumar C. Pamparo', '10:38 PM', 'Thu Dec 07 2023', 'newimage', 'GIUhXdP2', 'WCPia7R3', 'none', 0, 0, 'IT 411', 'CAPSTONE 1', 'normal', 'none', 'none', 0, ''),
(26, '', 'un2kt7px', 'Rumar C. Pamparo', '10:47 PM', 'Thu Dec 07 2023', 'sdsds', 'XeUh3VBS', 'grfLpcPA', 'none', 0, 0, 'IT 411', 'CAPSTONE 1', 'normal', 'none', 'none', 0, ''),
(27, '', 'un2kt7px', 'Rumar C. Pamparo', '10:50 PM', 'Thu Dec 07 2023', 'sdds', '0nP54UqQ', 'oZBxLjNi', 'none', 0, 0, 'IT 411', 'CAPSTONE 1', 'normal', 'none', 'none', 0, ''),
(28, '', 'un2kt7px', 'Rumar C. Pamparo', '10:51 PM', 'Thu Dec 07 2023', 'ok', 'DlZzUSEr', '4jVAkOy2', 'none', 0, 0, 'IT 411', 'CAPSTONE 1', 'normal', 'none', 'none', 0, ''),
(29, '', 'un2kt7px', 'Rumar C. Pamparo', '10:53 PM', 'Thu Dec 07 2023', 'asasa', 'p0ahvxkL', 'w1uj0oKM', 'none', 0, 0, 'IT 411', 'CAPSTONE 1', 'normal', 'none', 'none', 0, ''),
(30, '', 'un2kt7px', 'Rumar C. Pamparo', '10:54 PM', 'Thu Dec 07 2023', 'dsdsds', 'mvIbmTG1', 'h3mACTVE', 'none', 0, 0, 'IT 411', 'CAPSTONE 1', 'normal', 'none', 'none', 0, ''),
(31, '', 'un2kt7px', 'Rumar C. Pamparo', '10:57 PM', 'Thu Dec 07 2023', 'cge cge ', 'x2qcUJDO', '7RkhHNZX', 'none', 0, 0, 'IT 411', 'CAPSTONE 1', 'normal', 'none', 'none', 0, ''),
(32, '', 'un2kt7px', 'Rumar C. Pamparo', '11:00 PM', 'Thu Dec 07 2023', 'dsds', 'kV8JMw3z', '7Zhdj32Q', 'none', 0, 0, 'IT 411', 'CAPSTONE 1', 'normal', 'none', 'none', 0, ''),
(33, '', 'un2kt7px', 'Rumar C. Pamparo', '11:02 PM', 'Thu Dec 07 2023', 'dsdsds', '7ZVggjRh', 'wo5uVxfO', 'none', 0, 0, 'IT 411', 'CAPSTONE 1', 'normal', 'none', 'none', 0, ''),
(34, '', 'un2kt7px', 'Rumar C. Pamparo', '11:05 PM', 'Thu Dec 07 2023', 'ddssdsd', 'wiS0GdcM', '2iCyIHAs', 'none', 0, 0, 'IT 411', 'CAPSTONE 1', 'normal', 'none', 'none', 0, ''),
(35, '', 'un2kt7px', 'Rumar C. Pamparo', '11:05 PM', 'Thu Dec 07 2023', 'dsds', 'zs2ta4Fh', '7w8NUi05', 'none', 0, 0, 'IT 411', 'CAPSTONE 1', 'normal', 'none', 'none', 0, ''),
(36, '', 'un2kt7px', 'Rumar C. Pamparo', '11:06 PM', 'Thu Dec 07 2023', 'dsdsd', 'SH23ArCS', '7D0JjbqY', 'none', 0, 0, 'IT 411', 'CAPSTONE 1', 'normal', 'none', 'none', 0, ''),
(37, '', 'VHXQ6s6O', 'Allan Jay C. Caluigiran', '11:07 PM', 'Thu Dec 07 2023', 'ok po', 'k9sBxJCL', 'none', 'none', 0, 0, 'IT 411', 'CAPSTONE 1', 'normal', 'none', 'none', 0, ''),
(38, '', 'VHXQ6s6O', 'Allan Jay C. Caluigiran', '11:07 PM', 'Thu Dec 07 2023', 'cge nga', 'NgdSAYjz', 'TE6pMIDH', 'none', 0, 0, 'IT 411', 'CAPSTONE 1', 'normal', 'none', 'none', 0, ''),
(39, '', 'un2kt7px', 'Rumar C. Pamparo', '11:17 PM', 'Thu Dec 07 2023', 'ok po', 'hWYDSPKi', 'none', 'none', 0, 0, 'IT 411', 'CAPSTONE 1', 'normal', 'none', 'none', 0, ''),
(40, '', 'un2kt7px', 'Rumar C. Pamparo', '04:09 PM', 'Fri Dec 08 2023', 'BAGONG POST', 'uYb21mOw', 'QiYSQ8BD', 'none', 0, 0, 'IT 411', 'CAPSTONE 1', 'normal', 'none', 'none', 0, ''),
(41, '', 'un2kt7px', 'Rumar C. Pamparo', '01:43 PM', 'Mon Dec 18 2023', 'sasasa', 'D84Up7jv', 'none', 'none', 0, 0, 'IT 411', 'CAPSTONE 1', 'assignment', 'PoDIxrM7', 'none', 0, ''),
(42, '', 'un2kt7px', 'Rumar C. Pamparo', '02:09 PM', 'Mon Dec 18 2023', 'take this quiz', '9VK0KOIt', 'none', 'none', 0, 0, 'IT 411', 'CAPSTONE 1', 'assignment', 'Ksk6Mzis', 'none', 0, ''),
(43, '', 'un2kt7px', 'Rumar C. Pamparo', '02:10 PM', 'Mon Dec 18 2023', 'take this quizz', 't6dOUNUp', 'none', 'none', 0, 0, 'IT 411', 'CAPSTONE 1', 'assignment', 'PoDIxrM7', 'none', 0, ''),
(44, '', 'un2kt7px', 'Rumar C. Pamparo', '02:10 PM', 'Mon Dec 18 2023', 'take this quizz', 'cQuTBhEy', 'none', 'none', 0, 0, 'IT 411', 'CAPSTONE 1', 'assignment', 'PoDIxrM7', 'none', 0, ''),
(45, '', 'un2kt7px', 'Rumar C. Pamparo', '02:18 PM', 'Mon Dec 18 2023', 'hbbvhbh', 'cbBtVFAt', 'none', 'none', 0, 0, 'IT 411', 'CAPSTONE 1', 'assignment', 'Ksk6Mzis', 'none', 30, ''),
(46, '', 'VHXQ6s6O', 'Allan Jay C. Caluigiran', '01:31 PM', 'Wed Dec 20 2023', 'aaa', 'vaMBzMae', '9B3G5paA', 'none', 0, 0, 'IT 411', 'CAPSTONE 1', 'normal', 'none', 'none', 0, ''),
(47, '', 'un2kt7px', 'Rumar C. Pamparo', '11:22 PM', 'Wed Dec 20 2023', 'cge nga', 'GR2BYkMp', 'none', 'none', 0, 0, 'IT 411', 'CAPSTONE 1', 'normal', 'none', 'none', 0, ''),
(48, '', 'un2kt7px', 'Rumar C. Pamparo', '11:25 PM', 'Wed Dec 20 2023', 'ok cge\nnga', 'NNqSl6pQ', '2UpwXtdO', 'none', 0, 0, 'IT 411', 'CAPSTONE 1', 'normal', 'none', 'none', 0, ''),
(49, '', 'VHXQ6s6O', 'Allan Jay C. Caluigiran', '11:26 PM', 'Wed Dec 20 2023', 'sus tingin', 'j5YkqAZM', 'none', 'none', 0, 0, 'IT 411', 'CAPSTONE 1', 'normal', 'none', 'none', 0, ''),
(50, '', 'un2kt7px', 'Rumar C. Pamparo', '11:26 PM', 'Wed Dec 20 2023', 'ay wehhh', 'KuNr9lkP', 'none', 'none', 0, 0, 'IT 411', 'CAPSTONE 1', 'normal', 'none', 'none', 0, ''),
(51, '', 'VHXQ6s6O', 'Allan Jay C. Caluigiran', '11:29 PM', 'Wed Dec 20 2023', 'cgegeg', 'hvsS1Gb6', 'none', 'none', 0, 0, 'IT 411', 'CAPSTONE 1', 'normal', 'none', 'none', 0, ''),
(52, '', 'un2kt7px', 'Rumar C. Pamparo', '11:31 PM', 'Wed Dec 20 2023', 'ok po', 'nrkHYpGq', 'none', 'none', 0, 0, 'IT 411', 'CAPSTONE 1', 'normal', 'none', 'none', 0, ''),
(53, '', 'un2kt7px', 'Rumar C. Pamparo', '11:31 PM', 'Wed Dec 20 2023', 'ay weh?', 'FEk5ecaN', 'none', 'none', 0, 0, 'IT 411', 'CAPSTONE 1', 'normal', 'none', 'none', 0, ''),
(54, '', 'VHXQ6s6O', 'Allan Jay C. Caluigiran', '09:16 PM', 'Tue Dec 26 2023', 'quiz nyo bukas', 'DjBLAFqi', 'none', 'none', 0, 0, 'IT 411', 'CAPSTONE 1', 'assignment', 'PoDIxrM7', 'none', 60, ''),
(55, '', 'un2kt7px', 'Rumar C. Pamparo', '09:17 PM', 'Tue Dec 26 2023', 'legit?', '51qTX8FR', 'none', 'none', 0, 0, 'IT 411', 'CAPSTONE 1', 'assignment', 'Ksk6Mzis', 'none', 0, ''),
(56, '', 'un2kt7px', 'Rumar C. Pamparo', '09:21 PM', 'Tue Dec 26 2023', 'new', 'hvihShe9', 'none', 'none', 0, 0, 'IT 411', 'CAPSTONE 1', 'assignment', 'Ksk6Mzis', 'none', 0, ''),
(57, '', 'un2kt7px', 'Rumar C. Pamparo', '09:22 PM', 'Tue Dec 26 2023', 'bago to', 'awDtb8D7', 'none', 'none', 0, 0, 'IT 411', 'CAPSTONE 1', 'assignment', 'Ksk6Mzis', 'none', 0, ''),
(58, '', 'un2kt7px', 'Rumar C. Pamparo', '09:23 PM', 'Tue Dec 26 2023', 'dsdsds', 'j7rYnvHw', 'none', 'none', 0, 0, 'IT 411', 'CAPSTONE 1', 'assignment', 'PoDIxrM7', 'none', 0, ''),
(59, '', 'un2kt7px', 'Rumar C. Pamparo', '09:23 PM', 'Tue Dec 26 2023', 'dsdsds', 'oPsRe3CI', 'none', 'none', 0, 0, 'IT 411', 'CAPSTONE 1', 'assignment', 'PoDIxrM7', 'none', 0, ''),
(60, '', 'un2kt7px', 'Rumar C. Pamparo', '09:53 PM', 'Tue Dec 26 2023', 'dsdsds', 'EAzBj6Ch', 'none', 'none', 0, 0, 'IT 411', 'CAPSTONE 1', 'assignment', 'Ksk6Mzis', 'none', 0, ''),
(61, '', 'un2kt7px', 'Rumar C. Pamparo', '09:59 PM', 'Tue Dec 26 2023', 'dsdsds', 'G25WcTey', 'none', 'none', 0, 0, 'IT 411', 'CAPSTONE 1', 'assignment', 'Ksk6Mzis', 'none', 0, ''),
(62, '', 'VHXQ6s6O', 'Allan Jay C. Caluigiran', '11:36 PM', 'Tue Dec 26 2023', 'dsds', 'Mbi5PldR', 'none', 'tO2n1B9q', 0, 0, 'IT 411', 'CAPSTONE 1', 'normal', 'none', 'none', 0, ''),
(63, '', 'VHXQ6s6O', 'Allan Jay C. Caluigiran', '11:45 PM', 'Tue Dec 26 2023', 'dsds', '2LzYE1bX', 'none', 'OCyGiaLQ', 0, 0, 'IT 411', 'CAPSTONE 1', 'normal', 'none', 'none', 0, ''),
(64, '', 'VHXQ6s6O', 'Allan Jay C. Caluigiran', '12:41 AM', 'Wed Dec 27 2023', 'execel', '8IE4P7Dp', 'none', 'y9HW8ezd', 0, 0, 'IT 411', 'CAPSTONE 1', 'normal', 'none', 'none', 0, ''),
(65, '', 'un2kt7px', 'Rumar C. Pamparo', '09:24 PM', 'Sat Jan 06 2024', 'dsdsd', 'r7KWdfYL', 'none', 'none', 0, 0, 'IT 411', 'CAPSTONE 1', 'assignment', 'kRNZ6Pq6', 'none', 0, ''),
(66, 'IgTuyxGh', 'un2kt7px', 'Rumar C. Pamparo', '09:51 PM', 'Sat Jan 06 2024', 'dsdsd', '3XpJEIqI', 'none', 'none', 0, 0, 'IT 411', 'CAPSTONE 1', 'assignment', 'kRNZ6Pq6', 'IgTuyxGh', 0, ''),
(67, 'bFasQfa9', 'un2kt7px', 'Rumar C. Pamparo', '10:02 PM', 'Sat Jan 06 2024', 'dsdsd', '3HmNNj4Y', 'none', 'none', 0, 0, 'IT 411', 'CAPSTONE 1', 'assignment', 'kRNZ6Pq6', 'bFasQfa9', 0, ''),
(68, 'i69bPLKY', 'un2kt7px', 'Rumar C. Pamparo', '10:03 PM', 'Sat Jan 06 2024', 'dsdsd', 'eX5e4gM8', 'none', 'none', 0, 0, 'IT 411', 'CAPSTONE 1', 'assignment', 'kRNZ6Pq6', 'i69bPLKY', 0, ''),
(69, 'xlT9XDPR', 'un2kt7px', 'Rumar C. Pamparo', '10:05 PM', 'Sat Jan 06 2024', 'dsdsd', 'dXuOEa1i', 'none', 'none', 0, 0, 'IT 411', 'CAPSTONE 1', 'assignment', 'kRNZ6Pq6', 'xlT9XDPR', 0, ''),
(70, '3avPzgqh', 'un2kt7px', 'Rumar C. Pamparo', '10:08 PM', 'Sat Jan 06 2024', 'dsdsd', 'Lj91QBNl', 'none', 'none', 0, 0, 'IT 411', 'CAPSTONE 1', 'assignment', 'kRNZ6Pq6', '3avPzgqh', 0, ''),
(71, 'tI3g2tQ9', 'un2kt7px', 'Rumar C. Pamparo', '11:25 PM', 'Sat Jan 06 2024', 'neeee', '3iheReV9', 'none', 'none', 0, 0, 'IT 411', 'CAPSTONE 1', 'assignment', 'PoDIxrM7', 'tI3g2tQ9', 0, ''),
(72, 'VSVhtT8V', 'un2kt7px', 'Rumar C. Pamparo', '11:26 PM', 'Sat Jan 06 2024', 'neeeedsds', '7TFcoFhX', 'none', 'none', 0, 0, 'IT 411', 'CAPSTONE 1', 'assignment', 'PoDIxrM7', 'VSVhtT8V', 0, ''),
(73, 'UasK8TY9', 'un2kt7px', 'Rumar C. Pamparo', '11:30 PM', 'Sat Jan 06 2024', 'neeeedsds', 'kfFoItjh', 'none', 'none', 0, 0, 'IT 411', 'CAPSTONE 1', 'assignment', 'PoDIxrM7', 'UasK8TY9', 0, ''),
(74, 'K2JCPYL1', 'un2kt7px', 'Rumar C. Pamparo', '11:34 PM', 'Sat Jan 06 2024', 'neeeedsds', 'GXgnqr0K', 'none', 'none', 0, 0, 'IT 411', 'CAPSTONE 1', 'assignment', 'PoDIxrM7', 'K2JCPYL1', 0, ''),
(75, 'YkqaXCPa', 'un2kt7px', 'Rumar C. Pamparo', '03:34 PM', 'Sun Jan 07 2024', 'today\'s quiz', 'PyW4aPdo', 'none', 'none', 0, 0, 'IT 411', 'CAPSTONE 1', 'assignment', 'xzJr9GpL', 'YkqaXCPa', 0, ''),
(76, 'B5HCNWDB', 'un2kt7px', 'Rumar C. Pamparo', '03:35 PM', 'Sun Jan 07 2024', 'today\'s quiz', 'PpsbMEvI', 'none', 'none', 0, 0, 'IT 411', 'CAPSTONE 1', 'assignment', 'xzJr9GpL', 'B5HCNWDB', 0, ''),
(77, '23UmHMI5', 'un2kt7px', 'Rumar C. Pamparo', '10:50 PM', 'Sun Jan 07 2024', 'sasasa', 'Kk4A0g4K', 'none', 'none', 0, 0, 'IT 411', 'CAPSTONE 1', 'assignment', 'xzJr9GpL', 'none', 0, ''),
(78, 'r1tnsoLX', 'un2kt7px', 'Rumar C. Pamparo', '11:17 PM', 'Sun Jan 07 2024', 'dasdsa', '389h6Ftl', 'none', 'none', 0, 0, 'IT 411', 'CAPSTONE 1', 'assignment', 'xzJr9GpL', 'none', 15, ''),
(79, '5iYFn3bE', 'un2kt7px', 'Rumar C. Pamparo', '11:19 PM', 'Sun Jan 07 2024', 'dsds', '12UJZQGL', 'none', 'none', 0, 0, 'IT 411', 'CAPSTONE 1', 'assignment', 'xzJr9GpL', 'none', 15, ''),
(80, 'gR8lvZne', 'un2kt7px', 'Rumar C. Pamparo', '07:36 PM', 'Mon Jan 08 2024', ' rtygerghrg', 'lHeClT5o', 'none', 'none', 0, 0, 'IT 411', 'CAPSTONE 1', 'assignment', 'zgqARuqP', 'gR8lvZne', 15, ''),
(81, 'gzs55j7F', 'un2kt7px', 'Rumar C. Pamparo', '01:37 AM', 'Tue Jan 09 2024', 'test quiz', 'p2P5UZzt', 'none', 'none', 0, 0, 'IT 411', 'CAPSTONE 1', 'assignment', 'lHkep6VL', 'none', 0, ''),
(82, 'ufrxdDaE', 'un2kt7px', 'Rumar C. Pamparo', '09:54 AM', 'Tue Jan 09 2024', 'choices quiz', 'E5Fu5XTY', 'none', 'none', 0, 0, 'IT 411', 'CAPSTONE 1', 'assignment', 'mPNp1Gpi', 'none', 0, ''),
(83, 'XLB1K106', 'un2kt7px', 'Rumar C. Pamparo', '07:09 PM', 'Wed Jan 10 2024', 'fill test sample', 'Ym4AfQ3y', 'none', 'none', 0, 0, 'IT 411', 'CAPSTONE 1', 'assignment', '80yMURt9', 'none', 0, ''),
(84, 'rVcAW9GV', 'un2kt7px', 'Rumar C. Pamparo', '07:09 PM', 'Wed Jan 10 2024', 'fill test sample', '1r1fmAwp', 'none', 'none', 0, 0, 'IT 411', 'CAPSTONE 1', 'assignment', '80yMURt9', 'none', 0, ''),
(85, 'Et90ybap', 'un2kt7px', 'Rumar C. Pamparo', '08:55 PM', 'Wed Jan 10 2024', 'fill 3', '41lB5nKG', 'none', 'none', 0, 0, 'IT 411', 'CAPSTONE 1', 'assignment', '5wN0FIPg', 'none', 0, ''),
(86, 'y7QVkoHP', 'un2kt7px', 'Rumar C. Pamparo', '09:12 PM', 'Wed Jan 10 2024', 'game try', 'jF5B8yo1', 'none', 'none', 0, 0, 'IT 411', 'CAPSTONE 1', 'assignment', 'hXqPgnW9', 'none', 0, ''),
(87, 'VoYfwUYk', 'un2kt7px', 'Rumar C. Pamparo', '02:46 AM', 'Thu Jan 11 2024', 'DSDSD', 'RqUQwEtP', 'none', 'none', 0, 0, 'IT 411', 'CAPSTONE 1', 'assignment', 'bo8vvHHC', 'none', 15, '1'),
(88, 'TVLzDIX1', 'un2kt7px', 'Rumar C. Pamparo', '02:46 AM', 'Thu Jan 11 2024', 'DSDSD', 'rqBRux6o', 'none', 'none', 0, 0, 'IT 411', 'CAPSTONE 1', 'assignment', 'bo8vvHHC', 'none', 15, '1'),
(89, 'mXjLYzow', 'un2kt7px', 'Rumar C. Pamparo', '11:20 AM', 'Thu Jan 11 2024', '1min duration', 'IYrqFvdb', 'none', 'none', 0, 0, 'IT 411', 'CAPSTONE 1', 'assignment', 'bo8vvHHC', 'none', 1, '1'),
(90, 'TbDZt4Xr', 'un2kt7px', 'Rumar C. Pamparo', '03:21 PM', 'Thu Jan 11 2024', 'try', 'TbDZt4Xr', 'none', 'none', 0, 0, 'IT 411', 'CAPSTONE 1', 'normal', 'none', 'none', 0, 'none'),
(91, 'e7uIEhjx', 'un2kt7px', 'Rumar C. Pamparo', '04:28 PM', 'Thu Jan 11 2024', 'new', 'e7uIEhjx', 'none', 'AzMAC4gh', 0, 0, 'IT 411', 'CAPSTONE 1', 'normal', 'none', 'none', 0, 'none'),
(92, 'SE9jMLBT', 'un2kt7px', 'Rumar C. Pamparo', '07:49 PM', 'Thu Jan 11 2024', 'dsdsd', 'vpFMCSLN', 'none', 'none', 0, 0, 'IT 411', 'CAPSTONE 1', 'assignment', 'V6RgKaoR', 'none', 0, '1'),
(93, 'OisVpPBl', 'un2kt7px', 'Rumar C. Pamparo', '08:04 PM', 'Thu Jan 11 2024', 'sheesh', 'OisVpPBl', 'none', 'none', 0, 0, 'IT 411', 'CAPSTONE 1', 'normal', 'none', 'none', 0, 'none'),
(94, 'UsIAnZpA', 'un2kt7px', 'Rumar C. Pamparo', '08:09 PM', 'Thu Jan 11 2024', 'dsds', 'UsIAnZpA', 'none', 'none', 0, 0, 'IT 411', 'CAPSTONE 1', 'normal', 'none', 'none', 0, 'none'),
(95, 'hGXULLmF', 'un2kt7px', 'Rumar C. Pamparo', '10:13 PM', 'Thu Jan 11 2024', 'new', 'hGXULLmF', 'none', '8r8b5Vau', 0, 0, 'GEC 12', 'PRINCIPLES AND STRATEGIES IN TEACHING', 'normal', 'none', 'none', 0, 'none'),
(96, 'uT8OIYKM', 'un2kt7px', 'Rumar C. Pamparo', '10:14 PM', 'Thu Jan 11 2024', 'pic ', 'uT8OIYKM', 'none', 'yhVgNpO5', 0, 0, 'GEC 12', 'PRINCIPLES AND STRATEGIES IN TEACHING', 'normal', 'none', 'none', 0, 'none'),
(97, 'ybQ4B7Oe', 'un2kt7px', 'Rumar C. Pamparo', '10:15 PM', 'Thu Jan 11 2024', 'qq', 'ybQ4B7Oe', 'none', 'ZRcSM3YY', 0, 0, 'GEC 12', 'PRINCIPLES AND STRATEGIES IN TEACHING', 'normal', 'none', 'none', 0, 'none'),
(98, 'ahJUCxcA', 'un2kt7px', 'Rumar C. Pamparo', '12:48 AM', 'Fri Jan 12 2024', 'january 12, 2024 (12:52)', 'KhcZ2XMl', 'none', 'none', 0, 0, 'IT 411', 'CAPSTONE 1', 'assignment', 'GcdMblht', 'ahJUCxcA', 0, '1'),
(99, 'yfekruX4', 'un2kt7px', 'Rumar C. Pamparo', '12:52 AM', 'Fri Jan 12 2024', 'dsa', 'DNY1PILU', 'none', 'none', 0, 0, 'IT 411', 'CAPSTONE 1', 'assignment', 'GcdMblht', 'yfekruX4', 0, '1'),
(100, 'IlcRXYTQ', 'un2kt7px', 'Rumar C. Pamparo', '01:17 AM', 'Fri Jan 12 2024', 'sddsds', 'Uv8IdixO', 'none', 'none', 0, 0, 'IT 411', 'CAPSTONE 1', 'assignment', 'GcdMblht', 'IlcRXYTQ', 0, '1'),
(101, 'ypKGgGTl', 'un2kt7px', 'Rumar C. Pamparo', '01:23 AM', 'Fri Jan 12 2024', 'sheesh', 'IpjyD7Jr', 'none', 'none', 0, 0, 'IT 411', 'CAPSTONE 1', 'assignment', 'GcdMblht', 'ypKGgGTl', 0, '1'),
(102, 'JINGVvZg', 'un2kt7px', 'Rumar C. Pamparo', '01:23 AM', 'Fri Jan 12 2024', 'sheesh', 'qkPxyugA', 'none', 'none', 0, 0, 'IT 411', 'CAPSTONE 1', 'assignment', 'GcdMblht', 'JINGVvZg', 0, '1'),
(103, 'dfC0D6wE', 'un2kt7px', 'Rumar C. Pamparo', '01:24 AM', 'Fri Jan 12 2024', 'sheesh', 'FDgoJaIC', 'none', 'none', 0, 0, 'IT 411', 'CAPSTONE 1', 'assignment', 'GcdMblht', 'dfC0D6wE', 0, '1'),
(104, 'jhSV8vyg', 'un2kt7px', 'Rumar C. Pamparo', '01:29 AM', 'Fri Jan 12 2024', '31 pasok', '6OCWDgBS', 'none', 'none', 0, 0, 'IT 411', 'CAPSTONE 1', 'assignment', 'GcdMblht', 'jhSV8vyg', 0, '1'),
(105, 'I8f2QtXY', 'un2kt7px', 'Rumar C. Pamparo', '01:40 AM', 'Fri Jan 12 2024', 'dsddas', 'uIRJkP2o', 'none', 'none', 0, 0, 'IT 411', 'CAPSTONE 1', 'assignment', 'GcdMblht', 'I8f2QtXY', 0, '1'),
(106, 'PLRihInp', 'un2kt7px', 'Rumar C. Pamparo', '01:41 AM', 'Fri Jan 12 2024', ' sddsddd', 'NGIFvqaC', 'none', 'none', 0, 0, 'IT 411', 'CAPSTONE 1', 'assignment', 'hXqPgnW9', 'PLRihInp', 0, '1'),
(107, 'tKgzDEX9', 'un2kt7px', 'Rumar C. Pamparo', '01:44 AM', 'Fri Jan 12 2024', 'new', 'iOGFnNId', 'none', 'none', 0, 0, 'IT 411', 'CAPSTONE 1', 'assignment', 'bo8vvHHC', 'tKgzDEX9', 0, '1'),
(108, 'FpzVHB7H', 'un2kt7px', 'Rumar C. Pamparo', '01:53 AM', 'Fri Jan 12 2024', 'last please', 'q94WzfYQ', 'none', 'none', 0, 0, 'IT 411', 'CAPSTONE 1', 'assignment', 'V6RgKaoR', 'FpzVHB7H', 0, '1'),
(109, 'FpzVHB7H', 'un2kt7px', 'Rumar C. Pamparo', '01:53 AM', 'Fri Jan 12 2024', 'last please', '4FqyP9Qg', 'none', 'none', 0, 0, 'IT 411', 'CAPSTONE 1', 'assignment', 'V6RgKaoR', 'FpzVHB7H', 0, '1'),
(110, 'FpzVHB7H', 'un2kt7px', 'Rumar C. Pamparo', '01:52 AM', 'Fri Jan 12 2024', 'last please', 'QYXIiaUS', 'none', 'none', 0, 0, 'IT 411', 'CAPSTONE 1', 'assignment', 'V6RgKaoR', 'FpzVHB7H', 0, '1'),
(111, 'FpzVHB7H', 'un2kt7px', 'Rumar C. Pamparo', '01:52 AM', 'Fri Jan 12 2024', 'last please', '0Wzgon6r', 'none', 'none', 0, 0, 'IT 411', 'CAPSTONE 1', 'assignment', 'V6RgKaoR', 'FpzVHB7H', 0, '1'),
(112, 'mhTBbzED', 'un2kt7px', 'Rumar C. Pamparo', '01:55 AM', 'Fri Jan 12 2024', 'dlastt talgaga', 'NWNvywbg', 'none', 'none', 0, 0, 'IT 411', 'CAPSTONE 1', 'assignment', 'doHqHU0T', 'mhTBbzED', 0, '1'),
(113, 'DXxaMHjV', 'un2kt7px', 'Rumar C. Pamparo', '12:23 PM', 'Fri Jan 12 2024', 'dsadsds', 'DXxaMHjV', 'none', 'KqYT2xp2', 0, 0, 'IT 411', 'CAPSTONE 1', 'normal', 'none', 'none', 0, 'none'),
(114, 'zDG2qfKq', 'un2kt7px', 'Rumar C. Pamparo', '12:40 PM', 'Fri Jan 12 2024', 'dsdsd', 'zDG2qfKq', 'none', 'none', 0, 0, 'IT 411', 'CAPSTONE 1', 'normal', 'none', 'none', 0, 'none'),
(115, 'kgxSvf4P', 'un2kt7px', 'Rumar C. Pamparo', '12:40 PM', 'Fri Jan 12 2024', 'dsdsddsd', 'kgxSvf4P', 'none', 'none', 0, 0, 'IT 411', 'CAPSTONE 1', 'normal', 'none', 'none', 0, 'none'),
(116, 'e1vqSEcu', 'un2kt7px', 'Rumar C. Pamparo', '12:43 PM', 'Fri Jan 12 2024', 'dsdsdasd', 'e1vqSEcu', 'aYDyApoa', 'none', 0, 0, 'IT 411', 'CAPSTONE 1', 'normal', 'none', 'none', 0, 'none'),
(117, 'AjRcB6Cq', 'un2kt7px', 'Rumar C. Pamparo', '12:46 PM', 'Fri Jan 12 2024', 'dsdas', 'AjRcB6Cq', 'none', '0kiAqYoK', 0, 0, 'IT 411', 'CAPSTONE 1', 'normal', 'none', 'none', 0, 'none'),
(118, 'dyx5MK9X', 'un2kt7px', 'Rumar C. Pamparo', '12:49 PM', 'Fri Jan 12 2024', 'dsdsds', 'dyx5MK9X', 'none', '2MLpXIAm', 0, 0, 'IT 411', 'CAPSTONE 1', 'normal', 'none', 'none', 0, 'none'),
(119, 'YulhGbyx', 'un2kt7px', 'Rumar C. Pamparo', '12:50 PM', 'Fri Jan 12 2024', 'dsdsds', 'YulhGbyx', 'none', 'tFOCllDe', 0, 0, 'IT 411', 'CAPSTONE 1', 'normal', 'none', 'none', 0, 'none'),
(120, 'VjOAcOj2', 'un2kt7px', 'Rumar C. Pamparo', '12:53 PM', 'Fri Jan 12 2024', 'dsdsdddddsds', 'VjOAcOj2', 'none', 'hZqdXFiq', 0, 0, 'IT 411', 'CAPSTONE 1', 'normal', 'none', 'none', 0, 'none'),
(121, 'TrNAgI5s', 'un2kt7px', 'Rumar C. Pamparo', '12:56 PM', 'Fri Jan 12 2024', 'dsddsdsee', 'TrNAgI5s', 'none', '9nGLhzHZ', 0, 0, 'IT 411', 'CAPSTONE 1', 'normal', 'none', 'none', 0, 'none'),
(122, 'XPS800Yl', 'un2kt7px', 'Rumar C. Pamparo', '12:58 PM', 'Fri Jan 12 2024', 'dsddddd', 'XPS800Yl', 'none', 'ZJrpipvE', 0, 0, 'IT 411', 'CAPSTONE 1', 'normal', 'none', 'none', 0, 'none'),
(123, 'O5BaxoOe', 'un2kt7px', 'Rumar C. Pamparo', '12:59 PM', 'Fri Jan 12 2024', 'dsdsds', 'O5BaxoOe', 'none', 'ilqOQQBk', 0, 0, 'IT 411', 'CAPSTONE 1', 'normal', 'none', 'none', 0, 'none'),
(124, 'coXy2l8a', 'un2kt7px', 'Rumar C. Pamparo', '01:04 PM', 'Fri Jan 12 2024', 'dsdsdsd', 'coXy2l8a', 'none', 'YT7RWmgw', 0, 0, 'IT 411', 'CAPSTONE 1', 'normal', 'none', 'none', 0, 'none'),
(125, 'qVPriZbt', 'un2kt7px', 'Rumar C. Pamparo', '01:06 PM', 'Fri Jan 12 2024', 'dsdsd', 'qVPriZbt', 'none', 'W4GKXGe1', 0, 0, 'IT 411', 'CAPSTONE 1', 'normal', 'none', 'none', 0, 'none'),
(126, 'fGUnBZL9', 'un2kt7px', 'Rumar C. Pamparo', '01:08 PM', 'Fri Jan 12 2024', 'nnn', 'fGUnBZL9', 'none', 'Vlf5Sd3P', 0, 0, 'IT 411', 'CAPSTONE 1', 'normal', 'none', 'none', 0, 'none'),
(127, 'SdGSaWcM', 'un2kt7px', 'Rumar C. Pamparo', '01:09 PM', 'Fri Jan 12 2024', 'dsdsds', 'SdGSaWcM', 'none', 'ZmO5ABVX', 0, 0, 'IT 411', 'CAPSTONE 1', 'normal', 'none', 'none', 0, 'none'),
(128, 'WIx489qC', 'un2kt7px', 'Rumar C. Pamparo', '01:45 PM', 'Fri Jan 12 2024', 'new', 'WIx489qC', 'none', 'emf1G2t6', 0, 0, 'it-4c', 'CP 1', 'normal', 'none', 'none', 0, 'none'),
(129, 'DWkgp5qv', 'un2kt7px', 'Rumar C. Pamparo', '02:08 PM', 'Fri Jan 12 2024', 'take this quiz', 'l75RngWK', 'none', 'none', 0, 0, 'IT 411', 'CAPSTONE 1', 'assignment', 'eAzK97X0', 'none', 1, '1'),
(130, '0pXwbljn', 'un2kt7px', 'Rumar C. Pamparo', '03:00 AM', 'Sun Jan 21 2024', 'yes', '0pXwbljn', 'none', 'EKqEGKcm', 0, 0, 'IT 411', 'CAPSTONE 156', 'normal', 'none', 'none', 0, 'none'),
(131, 'VLseyC3Z', 'un2kt7px', 'Rumar C. Pamparo', '03:30 AM', 'Sun Jan 21 2024', 'pogi', 'VLseyC3Z', 'none', '0L5L0Vpz', 0, 0, 'IT 411', 'CAPSTONE 156', 'normal', 'none', 'none', 0, 'none'),
(132, 'iYhSKDNS', 'un2kt7px', 'Rumar C. Pamparo', '03:32 AM', 'Sun Jan 21 2024', 'panget', 'iYhSKDNS', 'none', 'aGncRCxA', 0, 0, 'IT 411', 'CAPSTONE 156', 'normal', 'none', 'none', 0, 'none'),
(133, 'k4hhUOdw', 'un2kt7px', 'Rumar C. Pamparo', '03:33 AM', 'Sun Jan 21 2024', 'shess', 'k4hhUOdw', 'none', 'tCL3ExE1', 0, 0, 'IT 411', 'CAPSTONE 156', 'normal', 'none', 'none', 0, 'none'),
(134, 'fVbjOfi2', 'un2kt7px', 'Rumar C. Pamparo', '03:34 AM', 'Sun Jan 21 2024', 'laka', 'fVbjOfi2', 'none', '7AAWF5tE', 0, 0, 'IT 411', 'CAPSTONE 156', 'normal', 'none', 'none', 0, 'none'),
(135, '9oY6kRi8', 'un2kt7px', 'Rumar C. Pamparo', '03:35 AM', 'Sun Jan 21 2024', 'dasdas', '9oY6kRi8', 'fyuEUgwl', 'none', 0, 0, 'IT 411', 'CAPSTONE 156', 'normal', 'none', 'none', 0, 'none'),
(136, '5ulWgcHt', 'un2kt7px', 'Rumar C Pamparo', '02:54 AM', 'Mon Jan 22 2024', 'post quiz', '5ulWgcHt', 'none', 'none', 0, 0, 'IT 411', 'CAPSTONE 156', 'normal', 'g4huIKeU', 'none', 0, '1'),
(137, '5TVVQSvr', 'un2kt7px', 'Rumar C Pamparo', '03:34 AM', 'Mon Jan 22 2024', 'new quiz', '5TVVQSvr', 'none', 'none', 0, 0, 'IT 411', 'CAPSTONE 156', 'normal', 'ceHJ2Fo4', 'none', 0, '1'),
(138, 'KaeuYC9t', 'un2kt7px', 'Rumar C Pamparo', '03:35 AM', 'Mon Jan 22 2024', 'new quiz', 'KaeuYC9t', 'none', 'none', 0, 0, 'IT 411', 'CAPSTONE 156', 'normal', 'ceHJ2Fo4', 'none', 0, '1'),
(139, 'GAsGN0nb', 'un2kt7px', 'Rumar C Pamparo', '03:50 AM', 'Mon Jan 22 2024', 'sample new', 'GAsGN0nb', 'none', 'none', 0, 0, 'IT 411', 'CAPSTONE 156', 'normal', 'KLjbm47f', 'none', 0, '1'),
(140, 'dR7EscNz', 'un2kt7px', 'Rumar C Pamparo', '03:56 AM', 'Mon Jan 22 2024', 'ddssds', 'dR7EscNz', 'none', 'none', 0, 0, 'IT 411', 'CAPSTONE 156', 'normal', 'vu3lsDbm', 'none', 0, '1'),
(141, 'khQ29X9q', 'un2kt7px', 'Rumar C Pamparo', '03:59 AM', 'Mon Jan 22 2024', 'new one', 'khQ29X9q', 'none', 'none', 0, 0, 'IT 411', 'CAPSTONE 156', 'normal', 'Iih6Mask', 'none', 0, '1'),
(142, 'huJMLcxI', 'un2kt7px', 'Rumar C Pamparo', '01:23 AM', 'Tue Jan 23 2024', 'TESTING QUIZ', 'huJMLcxI', 'none', 'none', 0, 0, 'IT 411', 'CAPSTONE 156', 'normal', 'S1rDDw8S', 'none', 15, '1'),
(143, 'JhueVmR9', 'un2kt7px', 'Rumar C Pamparo', '01:27 AM', 'Tue Jan 23 2024', 'TEST QUIZZZ', 'JhueVmR9', 'none', 'none', 0, 0, 'IT 411', 'CAPSTONE 156', 'normal', 'fP4FfsZc', 'none', 2, '1'),
(144, 'Co6RFhgt', 'un2kt7px', 'Rumar C Pamparo', '01:53 AM', 'Tue Jan 23 2024', 'ok po', 'Co6RFhgt', 'none', 'none', 0, 0, 'IT 411', 'CAPSTONE 156', 'normal', 'FlzwiDL6', 'none', 0, '1'),
(145, '2675YcCe', 'un2kt7px', 'Rumar C Pamparo', '03:14 AM', 'Tue Jan 23 2024', '112', '2675YcCe', 'none', 'none', 0, 0, 'ELECTIVE13', 'ENTREP1', 'normal', 'BwZIUHhX', 'none', 0, '1'),
(146, '8vF80370', 'un2kt7px', 'Rumar C Pamparo', '03:17 AM', 'Tue Jan 23 2024', 'new12', '8vF80370', 'none', 'none', 0, 0, 'IT 411', 'CAPSTONE 156', 'normal', '2hegz6x0', 'none', 0, '1'),
(147, 'B97xgtiW', 'un2kt7px', 'Rumar C Pamparo', '04:47 AM', 'Wed Jan 24 2024', 'QUIZ 1', 'B97xgtiW', 'none', 'none', 0, 0, 'IT 411', 'IT 4C', 'normal', 'Fi2qqJFY', 'none', 0, '1'),
(149, 'fH7L96B9', 'un2kt7px', 'Rumar C. Pamparo', '07:35 PM', 'Wed Jan 24 2024', 'testing', 'fH7L96B9', 'none', 'none', 0, 0, 'tttty', 'BMMA 3A', 'normal', 'none', 'none', 0, 'none'),
(150, 'Ikr9qQV5', 'un2kt7px', 'Rumar C. Pamparo', '07:35 PM', 'Wed Jan 24 2024', 'testing', 'Ikr9qQV5', 'none', 'none', 0, 0, 'tttty', 'BMMA 3A', 'normal', 'none', 'none', 0, 'none'),
(151, 'gbNoVAEx', 'un2kt7px', 'Rumar C. Pamparo', '07:36 PM', 'Wed Jan 24 2024', 'TEST', 'gbNoVAEx', 'none', 'dHxhWr6K', 0, 0, 'tttty', 'BMMA 3A', 'normal', 'none', 'none', 0, 'none'),
(152, 'NB6oazdC', 'un2kt7px', 'Rumar C. Pamparo', '07:37 PM', 'Wed Jan 24 2024', 'ASDASD', 'NB6oazdC', 'Tx16tTGn', 'dHxhWr6K', 0, 0, 'tttty', 'BMMA 3A', 'normal', 'none', 'none', 0, 'none'),
(153, 'lal1J9v8', 'un2kt7px', 'Rumar C. Pamparo', '07:38 PM', 'Wed Jan 24 2024', 'ASDASD', 'lal1J9v8', 'a6Xec99y', 'XoQgKr4S', 0, 0, 'tttty', 'BMMA 3A', 'normal', 'none', 'none', 0, 'none'),
(154, 'f0TAKnzP', 'un2kt7px', 'Rumar C. Pamparo', '07:39 PM', 'Wed Jan 24 2024', 'multip', 'f0TAKnzP', '4uo6d8kO', '6w8hu3bc', 0, 0, 'tttty', 'BMMA 3A', 'normal', 'none', 'none', 0, 'none'),
(155, 'UMGsWYoy', 'un2kt7px', 'Rumar C Pamparo', '09:21 PM', 'Wed Jan 24 2024', 'sched', 'UMGsWYoy', 'none', 'none', 0, 0, 'IT 411', 'IT 4C', 'normal', '8C1dpAwa', 'none', 0, '1'),
(156, 'AGwnLS3T', 'un2kt7px', 'Rumar C Pamparo', '09:26 PM', 'Wed Jan 24 2024', 'dsds', 'AGwnLS3T', 'none', 'none', 0, 0, 'IT 411', 'IT 4C', 'normal', '8C1dpAwa', 'AGwnLS3T', 0, '1'),
(157, 'MvMx9bDP', 'un2kt7px', 'Rumar C Pamparo', '09:31 PM', 'Wed Jan 24 2024', 'dsddddfff', 'MvMx9bDP', 'none', 'none', 0, 0, 'IT 411', 'IT 4C', 'normal', 'mBd9IdW2', 'MvMx9bDP', 0, '1'),
(158, 'wjjVTthU', 'un2kt7px', 'Rumar C Pamparo', '09:46 PM', 'Wed Jan 24 2024', 'fdfdfd', 'wjjVTthU', 'none', 'none', 0, 0, 'IT 411', 'IT 4C', 'normal', 'mBd9IdW2', 'wjjVTthU', 0, '1'),
(159, '7bKAL9bp', 'un2kt7px', 'Rumar C Pamparo', '09:49 PM', 'Wed Jan 24 2024', 'sdsd', '7bKAL9bp', 'none', 'none', 0, 0, 'IT 411', 'IT 4C', 'normal', 'mBd9IdW2', '7bKAL9bp', 0, '1'),
(160, 'BhKgGzjg', 'un2kt7px', 'Rumar C Pamparo', '10:02 PM', 'Wed Jan 24 2024', 'dsadas', 'BhKgGzjg', 'none', 'none', 0, 0, 'IT 411', 'IT 4C', 'normal', 'QHsMKZZo', 'BhKgGzjg', 0, '1'),
(161, '5U1Pxqo3', 'un2kt7px', 'Rumar C Pamparo', '10:17 PM', 'Wed Jan 24 2024', 'bnbn', '5U1Pxqo3', 'none', 'none', 0, 0, 'IT 411', 'IT 4C', 'normal', 'QHsMKZZo', '5U1Pxqo3', 0, '1'),
(162, '9TDpoz1t', 'un2kt7px', 'Rumar C Pamparo', '10:18 PM', 'Wed Jan 24 2024', 'bnbn', '9TDpoz1t', 'none', 'none', 0, 0, 'IT 411', 'IT 4C', 'normal', 'QHsMKZZo', '9TDpoz1t', 0, '1'),
(163, '1uBYyqV8', 'un2kt7px', 'Rumar C Pamparo', '10:19 PM', 'Wed Jan 24 2024', 'dsddd', '1uBYyqV8', 'none', 'none', 0, 0, 'IT 411', 'IT 4C', 'normal', 'QHsMKZZo', '1uBYyqV8', 0, '1'),
(164, 'zRYOys38', 'un2kt7px', 'Rumar C Pamparo', '10:22 PM', 'Wed Jan 24 2024', 'dsds', 'zRYOys38', 'none', 'none', 0, 0, 'IT 411', 'IT 4C', '', 'QHsMKZZo', 'zRYOys38', 0, '1'),
(165, 'seggZkD6', 'un2kt7px', 'Rumar C Pamparo', '10:44 PM', 'Wed Jan 24 2024', 'aads', 'seggZkD6', 'none', 'none', 0, 0, 'IT 411', 'IT 4C', 'normal', '3udNFGOv', 'seggZkD6', 0, '1'),
(166, 'rUnVW4ol', 'un2kt7px', 'Rumar C Pamparo', '10:44 PM', 'Wed Jan 24 2024', 'hjgyujg', 'rUnVW4ol', 'none', 'none', 0, 0, 'IT 411', 'IT 4C', 'normal', '3udNFGOv', 'rUnVW4ol', 0, '1'),
(167, 'iJIFdl0W', 'un2kt7px', 'Rumar C Pamparo', '10:49 PM', 'Wed Jan 24 2024', 'dsds', 'iJIFdl0W', 'none', 'none', 0, 0, 'IT 411', 'IT 4C', 'normal', '3udNFGOv', 'iJIFdl0W', 0, '1'),
(168, 'pfpemVYn', 'un2kt7px', 'Rumar C Pamparo', '10:51 PM', 'Wed Jan 24 2024', 'sdsd', 'pfpemVYn', 'none', 'none', 0, 0, 'IT 411', 'IT 4C', 'normal', '3udNFGOv', 'pfpemVYn', 0, '1'),
(169, '0aNcEwzr', 'un2kt7px', 'Rumar C Pamparo', '10:53 PM', 'Wed Jan 24 2024', 'dasds', '0aNcEwzr', 'none', 'none', 0, 0, 'IT 411', 'IT 4C', 'normal', '3udNFGOv', '0aNcEwzr', 0, '1'),
(170, 'TeRUrigT', 'un2kt7px', 'Rumar C Pamparo', '10:59 PM', 'Wed Jan 24 2024', 'test', 'TeRUrigT', 'none', 'none', 0, 0, 'IT 411', 'IT 4C', 'normal', '3udNFGOv', 'TeRUrigT', 0, '1'),
(171, 'sRy1F8C5', 'un2kt7px', 'Rumar C Pamparo', '11:14 PM', 'Wed Jan 24 2024', 'ssss', 'sRy1F8C5', 'none', 'none', 0, 0, 'IT 411', 'IT 4C', 'normal', 'GC25rAug', 'sRy1F8C5', 0, '1'),
(172, 'eYIFfaMC', 'un2kt7px', 'Rumar C Pamparo', '11:16 PM', 'Wed Jan 24 2024', 'new 1', 'eYIFfaMC', 'none', 'none', 0, 0, 'IT 411', 'IT 4C', 'normal', 'rVq9z5hc', 'eYIFfaMC', 0, '1'),
(173, 'jQ3BMZtE', 'un2kt7px', 'Rumar C. Pamparo', '08:08 PM', 'Thu Jan 25 2024', 'rumar pamparo', 'jQ3BMZtE', 'none', 'none', 6, 20, 'IT 411', 'IT 4C', 'normal', 'none', 'none', 0, 'none'),
(174, 'dwBF4C1P', 'un2kt7px', 'rumar C. Pamparo', '06:40 PM', 'Sat Jan 27 2024', 'ne1', 'dwBF4C1P', 'none', 'blX0I7NM', 0, 0, 'IT 411', 'CAPSTONE 2', 'normal', 'none', 'none', 0, 'none'),
(177, 'dJVHlavH', 'un2kt7px', 'rumar C Pamparo', '06:51 PM', 'Sat Jan 27 2024', 'post', 'dJVHlavH', 'none', 'none', 0, 0, 'IT 411', 'CAPSTONE 2', '', '5rVKnLLR', 'none', 0, '1'),
(179, '40neGox6', 'un2kt7px', 'rumar C Pamparo', '09:40 PM', 'Sun Jan 28 2024', 'new 1', '40neGox6', 'none', 'none', 0, 0, 'IT 411', 'CAPSTONE 2', '', 'BAucYBYD', 'none', 0, '1'),
(180, 'YKYfP2En', 'un2kt7px', 'rumar C Pamparo', '09:49 PM', 'Sun Jan 28 2024', '11111', 'YKYfP2En', 'none', 'none', 0, 0, 'IT 411', 'CAPSTONE 2', '', 'lclnS76e', 'none', 0, '1'),
(181, 'TiqkKTht', 'un2kt7px', 'rumar C Pamparo', '09:51 PM', 'Sun Jan 28 2024', 'new quiz cp2', 'TiqkKTht', 'none', 'none', 0, 0, 'IT 411', 'CAPSTONE 2', '', 'Ea5VXbZW', 'none', 0, '1'),
(182, 'Sk5v50DX', 'un2kt7px', 'rumar C Pamparo', '09:52 PM', 'Sun Jan 28 2024', '222', 'Sk5v50DX', 'none', 'none', 0, 0, 'IT 411', 'CAPSTONE 2', '', '95Q4bSLS', 'none', 0, '1'),
(183, 'Hktq9fpd', 'un2kt7px', 'rumar C Pamparo', '10:08 PM', 'Sun Jan 28 2024', 'ww11', 'Hktq9fpd', 'none', 'none', 0, 0, 'IT 411', 'CAPSTONE 2', '', 'aa96zKC3', 'none', 0, '1'),
(184, '7IsBExcZ', 'un2kt7px', 'rumar C Pamparo', '10:09 PM', 'Sun Jan 28 2024', '222', '7IsBExcZ', 'none', 'none', 0, 0, 'IT 411', 'CAPSTONE 2', '', '61oE4vgu', 'none', 0, '1'),
(185, 'MiaKDyAT', 'un2kt7px', 'rumar C Pamparo', '04:36 PM', 'Thu Feb 15 2024', 'take your quiz now', 'MiaKDyAT', 'none', 'none', 0, 0, 'IT 411', 'CAPSTONE 2', '', '8ePQ5du4', 'none', 0, '1');

-- --------------------------------------------------------

--
-- Table structure for table `questionbank`
--

CREATE TABLE `questionbank` (
  `id` int(11) NOT NULL,
  `bankID` varchar(11) NOT NULL,
  `bankTitle` varchar(100) NOT NULL,
  `subjectName` varchar(100) NOT NULL,
  `questionID` varchar(10) NOT NULL,
  `totalPoints` int(10) NOT NULL,
  `totalQuestions` int(10) NOT NULL,
  `time` varchar(20) NOT NULL,
  `date` varchar(20) NOT NULL
) ENGINE=InnoDB DEFAULT CHARSET=utf8mb4 COLLATE=utf8mb4_general_ci;

--
-- Dumping data for table `questionbank`
--

INSERT INTO `questionbank` (`id`, `bankID`, `bankTitle`, `subjectName`, `questionID`, `totalPoints`, `totalQuestions`, `time`, `date`) VALUES
(2, 'MBNeJZQ0', 'try', 'PRINCIPLES AND STRATEGIES IN TEACHING', 'MBNeJZQ0', 2, 2, '08:13 PM', 'Tue Jan 16 2024'),
(3, 'ztB1D6Ox', 'try', 'ENTREPRENEURSHIP', 'ztB1D6Ox', 1, 1, '07:40 PM', 'Wed Jan 17 2024'),
(4, 'HEpszhsE', 'next', 'ENTREPRENEURSHIP', 'HEpszhsE', 2, 2, '09:10 PM', 'Wed Jan 17 2024'),
(5, 'KRkYfT1v', 'new', 'ENTREPRENEURSHIP', 'KRkYfT1v', 2, 2, '06:24 PM', 'Thu Jan 18 2024'),
(6, '3m68dtjI', 'new one', 'ENTREPRENEURSHIP', '3m68dtjI', 2, 2, '06:27 PM', 'Thu Jan 18 2024'),
(7, 'KVx1AwGn', 'uu', 'ENTREPRENEURSHIP', 'KVx1AwGn', 1, 1, '03:12 AM', 'Tue Jan 23 2024'),
(8, 'UICd4r8F', 'New Quiz', 'CAPSTONE 1', 'UICd4r8F', 3, 3, '04:46 AM', 'Wed Jan 24 2024'),
(9, 'ZSBaTJCW', 'Quiz 2', 'CAPSTONE 1', 'ZSBaTJCW', 2, 2, '04:54 AM', 'Wed Jan 24 2024'),
(10, 'wOeytUiP', 'new 1 ', 'CAPSTONE 2', 'wOeytUiP', 3, 3, '09:43 PM', 'Sun Jan 28 2024'),
(11, 'X6QZ7T5V', 'cp1 quiz', 'NATIONAL SERVICE TRAINING PROGRAM 2', 'X6QZ7T5V', 2, 2, '09:48 PM', 'Sun Jan 28 2024'),
(12, 'vHg1ETZs', 'myQuiz', 'CAPSTONE 2', 'vHg1ETZs', 4, 4, '04:35 PM', 'Thu Feb 15 2024');

-- --------------------------------------------------------

--
-- Table structure for table `questions`
--

CREATE TABLE `questions` (
  `id` int(11) NOT NULL,
  `questionID` varchar(10) NOT NULL,
  `questionNumber` int(10) NOT NULL,
  `questionContent` varchar(100) NOT NULL,
  `questionType` varchar(20) NOT NULL,
  `points` int(10) NOT NULL,
  `required` tinyint(1) NOT NULL,
  `keySensitive` tinyint(1) NOT NULL,
  `questionAnswerText` varchar(100) NOT NULL,
  `numberOfAns` int(3) NOT NULL,
  `choicesID` varchar(10) NOT NULL,
  `imageID` varchar(10) NOT NULL,
  `fillLayoutID` varchar(10) NOT NULL,
  `subjectName` varchar(50) NOT NULL
) ENGINE=InnoDB DEFAULT CHARSET=utf8mb4 COLLATE=utf8mb4_general_ci;

--
-- Dumping data for table `questions`
--

INSERT INTO `questions` (`id`, `questionID`, `questionNumber`, `questionContent`, `questionType`, `points`, `required`, `keySensitive`, `questionAnswerText`, `numberOfAns`, `choicesID`, `imageID`, `fillLayoutID`, `subjectName`) VALUES
(1, 'n5TKgI1A', 1, 'q1', 'text', 2, 0, 0, 'q1', 0, 'none', 'none', 'none', 'CAPSTONE 1'),
(2, 'n5TKgI1A', 2, 'q2', 'text', 2, 0, 0, 'q2', 0, 'none', 'none', 'none', 'CAPSTONE 1'),
(3, 'kciccHhl', 1, 'sdas', 'text', 1, 0, 0, 'aads', 0, 'none', 'none', 'none', 'CAPSTONE 1'),
(4, 'kciccHhl', 2, 'dasd', 'text', 1, 0, 0, 'asdasdas', 0, 'none', 'none', 'none', 'CAPSTONE 1'),
(5, 'eFRypAzH', 1, 'qq1', 'text', 1, 0, 0, 'qaq', 0, 'none', 'none', 'none', 'PRINCIPLES AND STRATEGIES IN TEACHING'),
(7, 'Ksk6Mzis', 1, 'aaa', 'text', 1, 0, 0, 'aaa', 0, 'none', 'none', 'none', 'CAPSTONE 1'),
(8, 'Ksk6Mzis', 2, 'sasa', 'text', 1, 0, 0, 'sas', 0, 'none', 'none', 'none', 'CAPSTONE 1'),
(9, 'Ksk6Mzis', 3, 'asas', 'text', 1, 0, 0, 'asa', 0, 'none', 'none', 'none', 'CAPSTONE 1'),
(10, 'Ksk6Mzis', 4, 'sasa', 'text', 1, 0, 0, 'saas', 0, 'none', 'none', 'none', 'CAPSTONE 1'),
(11, 'PoDIxrM7', 1, 'sas', 'text', 1, 0, 0, 'asasa', 0, 'none', 'none', 'none', 'CAPSTONE 1'),
(12, 'PoDIxrM7', 2, 'asaas', 'text', 1, 0, 0, 'sasas', 0, 'none', 'none', 'none', 'CAPSTONE 1'),
(13, 'PoDIxrM7', 3, 'sasas', 'text', 1, 0, 0, 'sasa', 0, 'none', 'none', 'none', 'CAPSTONE 1'),
(14, 'PoDIxrM7', 4, 'asaas', 'text', 1, 0, 0, 'sas', 0, 'none', 'none', 'none', 'CAPSTONE 1'),
(15, 'kRNZ6Pq6', 1, 'ss', 'text', 1, 0, 0, 'ssasas', 0, 'none', 'none', 'none', 'CAPSTONE 1'),
(16, 'kRNZ6Pq6', 2, 'saasa', 'text', 1, 0, 0, 'sasa', 0, 'none', 'none', 'none', 'CAPSTONE 1'),
(17, 'kRNZ6Pq6', 3, 'sasasa', 'text', 1, 0, 0, 'sasa', 0, 'none', 'none', 'none', 'CAPSTONE 1'),
(18, 'kRNZ6Pq6', 4, 'sasa', 'True Or False', 1, 0, 0, '1', 0, 'none', 'none', 'none', 'CAPSTONE 1'),
(19, 'kRNZ6Pq6', 5, 'sasasa', 'True Or False', 1, 0, 0, '0', 0, 'none', 'none', 'none', 'CAPSTONE 1'),
(20, 'bFONa9iv', 1, 'aaa', 'text', 1, 0, 0, 'bbb', 0, 'none', 'none', 'none', 'SYSTEM ADMINISTRATION AND MAINTENANCE'),
(21, 'xzJr9GpL', 1, 'what is my name?', 'text', 2, 1, 1, 'Rumar Pamparo', 0, 'none', 'none', 'none', 'CAPSTONE 1'),
(22, 'xzJr9GpL', 2, 'What is my Last name?', 'text', 2, 1, 0, 'Pamparo', 0, 'none', '3vMf5DH8', 'none', 'CAPSTONE 1'),
(23, 'xzJr9GpL', 3, 'my fave color?', 'choices', 2, 1, 0, 'none', 0, 'EfrFO1iP', 'none', 'none', 'CAPSTONE 1'),
(24, 'xzJr9GpL', 4, 'my cat name?', 'choices', 2, 0, 0, 'none', 0, 'uMW04JPh', 'uMW04JPh', 'none', 'CAPSTONE 1'),
(25, 'xzJr9GpL', 5, 'none', 'fill', 2, 1, 1, 'none', 0, 'none', 'none', 'EJcb5AZC', 'CAPSTONE 1'),
(26, 'xzJr9GpL', 6, 'none', 'fill', 1, 1, 1, 'none', 0, 'none', 'TRhAgqcV', 'TRhAgqcV', 'CAPSTONE 1'),
(27, 'xzJr9GpL', 7, 'POgi aako diba?', 'True Or False', 1, 1, 0, '0', 0, 'none', 'none', 'none', 'CAPSTONE 1'),
(28, 'xzJr9GpL', 8, 'panget bako?', 'True Or False', 2, 1, 0, '1', 0, 'none', 'none', 'none', 'CAPSTONE 1'),
(29, 'bbLmxfIX', 1, 'jrtyujtujt', 'choices', 2, 1, 0, 'none', 0, 'oWGbvF3w', 'none', 'none', 'ENTREPRENEURSHIP'),
(30, 'bbLmxfIX', 3, 'yut6uijtyi', 'True Or False', 1, 1, 0, '1', 0, 'none', 'none', 'none', 'ENTREPRENEURSHIP'),
(31, 'bbLmxfIX', 2, 'none', 'fill', 1, 1, 1, 'none', 0, 'none', 'none', 'aHcysuQC', 'ENTREPRENEURSHIP'),
(32, 'zgqARuqP', 1, 'yurtyuyu', 'text', 1, 1, 1, 'yuirui', 0, 'none', 'none', 'none', 'CAPSTONE 1'),
(33, 'zgqARuqP', 2, 'yityi', 'text', 1, 1, 1, 'ityiit', 0, 'none', 'none', 'none', 'CAPSTONE 1'),
(34, 'lHkep6VL', 1, 'rumar', 'text', 1, 0, 0, 'rumar', 0, 'none', 'none', 'none', 'CAPSTONE 1'),
(35, 'lHkep6VL', 2, 'pamparo', 'text', 4, 0, 0, 'pamparo', 0, 'none', 'none', 'none', 'CAPSTONE 1'),
(36, 'mPNp1Gpi', 1, 'what is dog?', 'choices', 1, 0, 0, 'none', 1, 'YrtLqXc7', 'none', 'none', 'CAPSTONE 1'),
(37, 'mPNp1Gpi', 2, 'what is my name?', 'choices', 1, 0, 0, 'none', 2, '6HsoVA6w', 'none', 'none', 'CAPSTONE 1'),
(38, 'zIw4SgVX', 1, 'try lang', 'choices', 1, 1, 0, 'none', 0, 'HwEA6i17', 'none', 'none', 'CAPSTONE 1'),
(39, 'doHqHU0T', 1, 'dsdsds', 'choices', 1, 0, 0, 'none', 0, 'EOh0GdrX', 'none', 'none', 'CAPSTONE 1'),
(40, 'doHqHU0T', 5, 'dsds', 'choices', 1, 0, 0, 'none', 0, '5znT5aI4', 'none', 'none', 'CAPSTONE 1'),
(41, 'doHqHU0T', 6, 'dsds', 'choices', 1, 0, 0, 'none', 0, 'mVTxL3mM', 'none', 'none', 'CAPSTONE 1'),
(42, 'doHqHU0T', 7, 'dsdsds', 'choices', 1, 0, 0, 'none', 0, 'D0UpHZfI', 'none', 'none', 'CAPSTONE 1'),
(43, 'doHqHU0T', 2, 'dsds', 'choices', 1, 0, 0, 'none', 2, 'zyQPWPsh', 'none', 'none', 'CAPSTONE 1'),
(44, 'doHqHU0T', 8, 'dsdsd', 'choices', 1, 0, 0, 'none', 0, 'WNjEOJEW', 'none', 'none', 'CAPSTONE 1'),
(45, 'doHqHU0T', 9, 'dsdsds', 'choices', 1, 0, 0, 'none', 32, 'sVFR0jcv', 'none', 'none', 'CAPSTONE 1'),
(46, 'doHqHU0T', 3, 'dsdsds', 'choices', 1, 0, 0, 'none', 4, '3NlXsJTs', 'none', 'none', 'CAPSTONE 1'),
(47, 'doHqHU0T', 4, 'dsdsd', 'choices', 1, 0, 0, 'none', 0, 'V90ODOhH', 'none', 'none', 'CAPSTONE 1'),
(48, 'GcdMblht', 1, 'dsds', 'text', 1, 0, 0, 'dsds', 1, 'none', 'none', 'none', 'CAPSTONE 1'),
(49, 'GcdMblht', 2, 'dsds', 'text', 1, 0, 0, 'dsdsds', 1, 'none', 'none', 'none', 'CAPSTONE 1'),
(50, '80yMURt9', 1, 'none', 'fill', 1, 1, 0, 'none', 1, 'none', 'none', 'XLYeJXnZ', 'CAPSTONE 1'),
(51, '80yMURt9', 2, 'none', 'fill', 1, 1, 0, 'none', 2, 'none', 'none', 'pOlWtzB4', 'CAPSTONE 1'),
(52, 'QF8TQwkL', 1, 'none', 'fill', 1, 0, 0, 'none', 3, 'none', 'none', 'RUOiLcPE', 'CAPSTONE 1'),
(53, '5wN0FIPg', 1, 'none', 'fill', 1, 0, 0, 'none', 3, 'none', 'none', 'YXWApu2U', 'CAPSTONE 1'),
(54, 'hXqPgnW9', 1, 'rumar', 'text', 3, 1, 0, 'rumar', 1, 'none', 'none', 'none', 'CAPSTONE 1'),
(55, 'hXqPgnW9', 6, 'cge', 'True Or False', 1, 0, 0, '1', 1, 'none', 'none', 'none', 'CAPSTONE 1'),
(56, 'hXqPgnW9', 3, 'what is?', 'choices', 1, 0, 0, 'none', 2, 'YAvXGiCn', 'none', 'none', 'CAPSTONE 1'),
(57, 'hXqPgnW9', 2, 'pamparo', 'text', 1, 0, 0, 'pamparo', 1, 'none', 'none', 'none', 'CAPSTONE 1'),
(58, 'hXqPgnW9', 4, 'gdgdgsds', 'choices', 1, 0, 0, 'none', 1, 'YDkFrBgv', 'none', 'none', 'CAPSTONE 1'),
(59, 'hXqPgnW9', 5, 'none', 'fill', 1, 0, 0, 'none', 2, 'none', 'none', 'lskUhV0E', 'CAPSTONE 1'),
(60, 'bo8vvHHC', 1, 'TORF Q', 'True Or False', 6, 1, 0, '1', 1, 'none', 'none', 'none', 'CAPSTONE 1'),
(61, 'bo8vvHHC', 2, 'TOEFK', 'True Or False', 3, 1, 0, '0', 1, 'none', 'kpNeEbOA', 'none', 'CAPSTONE 1'),
(62, 'V6RgKaoR', 1, 'dsds', 'text', 1, 1, 1, 'dsdsd', 1, 'none', 'none', 'none', 'CAPSTONE 1'),
(63, 'V6RgKaoR', 2, 'dddd', 'text', 1, 0, 0, 'dddsds', 1, 'none', 'none', 'none', 'CAPSTONE 1'),
(64, 'V6RgKaoR', 3, 'fdfdfd', 'text', 1, 0, 0, 'dsdsds', 1, 'none', 'none', 'none', 'CAPSTONE 1'),
(65, 'V6RgKaoR', 4, 'dsd', 'text', 1, 0, 0, 'dsd', 1, 'none', 'none', 'none', 'CAPSTONE 1'),
(66, 'eAzK97X0', 1, 'idk', 'text', 1, 1, 1, 'idk', 1, 'none', 'none', 'none', 'CAPSTONE 1'),
(67, 'eAzK97X0', 2, 'what is a', 'choices', 1, 1, 0, 'none', 1, 'RT1ToWbM', 'none', 'none', 'CAPSTONE 1'),
(68, 'Zr26cq0S', 1, 'q1', 'text', 1, 1, 1, 'ans1', 1, 'none', 'none', 'none', 'CAPSTONE 1'),
(69, 'Zr26cq0S', 2, 'q2', 'text', 1, 0, 0, 'ans 2', 1, 'none', 'none', 'none', 'CAPSTONE 1'),
(70, '5xaMUrnb', 1, 'q1', 'text', 1, 0, 0, 'ans1', 1, 'none', 'none', 'none', 'CAPSTONE 1'),
(71, '5xaMUrnb', 2, 'q2', 'text', 1, 0, 0, 'ans 2', 1, 'none', 'none', 'none', 'CAPSTONE 1'),
(72, '0DlpGmQZ', 1, 'q1', 'text', 1, 0, 0, 'a1', 1, 'none', 'none', 'none', 'CAPSTONE 1'),
(73, '0DlpGmQZ', 2, 'q2', 'text', 1, 0, 0, 'a2', 1, 'none', 'none', 'none', 'CAPSTONE 1'),
(74, 'MBNeJZQ0', 1, 'q1', 'text', 1, 0, 0, 'a1', 1, 'none', 'none', 'none', 'PRINCIPLES AND STRATEGIES IN TEACHING'),
(75, 'MBNeJZQ0', 2, 'q2', 'text', 1, 0, 0, 'a2', 1, 'none', 'none', 'none', 'PRINCIPLES AND STRATEGIES IN TEACHING'),
(76, 'ztB1D6Ox', 1, 'q1', 'enumeration', 1, 0, 0, 'a1', 1, 'none', 'none', 'none', 'ENTREPRENEURSHIP'),
(77, 'dtYyYLar', 1, 'q2', 'enumeration', 1, 0, 0, 'a2', 1, 'none', 'none', 'none', 'ENTREPRENEURSHIP'),
(78, 'dtYyYLar', 2, 'q3', 'enumeration', 1, 0, 0, 'q4', 1, 'none', 'none', 'none', 'ENTREPRENEURSHIP'),
(79, 'KRkYfT1v', 1, 'qq11', 'enumeration', 1, 0, 0, 'zaaa1', 1, 'none', 'none', 'none', 'ENTREPRENEURSHIP'),
(80, 'KRkYfT1v', 2, 'qq22', 'enumeration', 1, 0, 0, 'aa222', 1, 'none', 'none', 'none', 'ENTREPRENEURSHIP'),
(81, '3m68dtjI', 1, 'qqqwqwq', 'enumeration', 1, 0, 0, 'wqwqwq', 1, 'none', 'none', 'none', 'ENTREPRENEURSHIP'),
(82, '3m68dtjI', 2, 'dsds', 'enumeration', 1, 0, 0, 'dsdss', 1, 'none', 'none', 'none', 'ENTREPRENEURSHIP'),
(83, 'EhdZsd0a', 1, 'q1', 'enumeration', 1, 0, 0, 'a1', 1, 'none', 'none', 'none', 'ENTREPRENEURSHIP'),
(84, 'EhdZsd0a', 2, 'qqqwqwq', 'enumeration', 1, 0, 0, 'wqwqwq', 1, 'none', 'none', 'none', 'ENTREPRENEURSHIP'),
(85, 'EhdZsd0a', 3, 'dsds', 'enumeration', 1, 0, 0, 'dsdss', 1, 'none', 'none', 'none', 'ENTREPRENEURSHIP'),
(86, 'FlzwiDL6', 1, 'q1', 'enumeration', 1, 0, 0, 'a1', 1, 'none', 'none', 'none', 'ENTREPRENEURSHIP'),
(87, 'FlzwiDL6', 2, 'qqqwqwq', 'enumeration', 1, 0, 0, 'wqwqwq', 1, 'none', 'none', 'none', 'ENTREPRENEURSHIP'),
(88, 'FlzwiDL6', 3, 'dsds', 'enumeration', 1, 0, 0, 'dsdss', 1, 'none', 'none', 'none', 'ENTREPRENEURSHIP'),
(89, 'KVx1AwGn', 1, 'yuguyh', 'enumeration', 1, 1, 0, 'yy1', 1, 'none', 'none', 'none', 'ENTREPRENEURSHIP'),
(90, 'BwZIUHhX', 1, 'yuguyh', 'enumeration', 1, 1, 0, 'yy1', 1, 'none', 'none', 'none', 'ENTREPRENEURSHIP'),
(91, 'BwZIUHhX', 2, 'q1', 'enumeration', 1, 0, 0, 'a1', 1, 'none', 'none', 'none', 'ENTREPRENEURSHIP'),
(92, 'BwZIUHhX', 4, 'qq22', 'enumeration', 1, 0, 0, 'aa222', 1, 'none', 'none', 'none', 'ENTREPRENEURSHIP'),
(93, 'BwZIUHhX', 3, 'qq11', 'enumeration', 1, 0, 0, 'zaaa1', 1, 'none', 'none', 'none', 'ENTREPRENEURSHIP'),
(94, '2hegz6x0', 1, 'q1', 'enumeration', 1, 0, 0, 'a1', 1, 'none', 'none', 'none', 'ENTREPRENEURSHIP'),
(95, '2hegz6x0', 2, 'qq11', 'enumeration', 1, 0, 0, 'zaaa1', 1, 'none', 'none', 'none', 'ENTREPRENEURSHIP'),
(96, '2hegz6x0', 3, 'qq22', 'enumeration', 1, 0, 0, 'aa222', 1, 'none', 'none', 'none', 'ENTREPRENEURSHIP'),
(97, 'UICd4r8F', 1, 'Give example of Color', 'enumeration', 1, 0, 0, 'Blue', 1, 'none', 'none', 'none', 'CAPSTONE 1'),
(98, 'UICd4r8F', 2, 'What is the color of chair?', 'choices', 1, 0, 0, 'none', 1, 'C2pvxjPd', 'none', 'none', 'CAPSTONE 1'),
(99, 'UICd4r8F', 3, 'none', 'fill', 1, 0, 0, 'none', 2, 'none', 'none', 'wPgjtqxZ', 'CAPSTONE 1'),
(100, 'Fi2qqJFY', 1, 'Give example of Color', 'enumeration', 1, 0, 0, 'Blue', 1, 'none', 'none', 'none', 'CAPSTONE 1'),
(101, 'Fi2qqJFY', 2, 'What is the color of chair?', 'choices', 1, 0, 0, 'none', 1, 'C2pvxjPd', 'none', 'none', 'CAPSTONE 1'),
(102, 'Fi2qqJFY', 3, 'none', 'fill', 1, 0, 0, 'none', 2, 'none', 'none', 'wPgjtqxZ', 'CAPSTONE 1'),
(103, 'ZSBaTJCW', 2, 'what is the age of mark?', 'choices', 1, 0, 0, 'none', 1, 'MJAgSbEC', 'none', 'none', 'CAPSTONE 1'),
(104, 'ZSBaTJCW', 1, 'What is my name?', 'enumeration', 1, 0, 0, 'mark', 1, 'none', 'none', 'none', 'CAPSTONE 1'),
(105, 'u0j8FfTB', 1, 'what is the age of mark?', 'choices', 1, 0, 0, 'none', 1, 'MJAgSbEC', 'none', 'none', 'CAPSTONE 1'),
(106, 'u0j8FfTB', 2, 'What is my name?', 'enumeration', 1, 0, 0, 'mark', 1, 'none', 'none', 'none', 'CAPSTONE 1'),
(107, 'XnLKODbE', 1, 'what is the age of mark?', 'choices', 1, 0, 0, 'none', 1, 'MJAgSbEC', 'none', 'none', 'CAPSTONE 1'),
(108, 'XnLKODbE', 2, 'What is my name?', 'enumeration', 1, 0, 0, 'mark', 1, 'none', 'none', 'none', 'CAPSTONE 1'),
(109, '8C1dpAwa', 1, 'qqqwqwq', 'enumeration', 1, 0, 0, 'wqwqwq', 1, 'none', 'none', 'none', 'ENTREPRENEURSHIP'),
(110, '8C1dpAwa', 2, 'dsds', 'enumeration', 1, 0, 0, 'dsdss', 1, 'none', 'none', 'none', 'ENTREPRENEURSHIP'),
(111, 'mBd9IdW2', 1, 'qqqwqwq', 'enumeration', 1, 0, 0, 'wqwqwq', 1, 'none', 'none', 'none', 'ENTREPRENEURSHIP'),
(112, 'mBd9IdW2', 2, 'dsds', 'enumeration', 1, 0, 0, 'dsdss', 1, 'none', 'none', 'none', 'ENTREPRENEURSHIP'),
(113, 'QHsMKZZo', 1, 'yuguyh', 'enumeration', 1, 1, 0, 'yy1', 1, 'none', 'none', 'none', 'ENTREPRENEURSHIP'),
(114, '3udNFGOv', 1, 'qqqwqwq', 'enumeration', 1, 0, 0, 'wqwqwq', 1, 'none', 'none', 'none', 'ENTREPRENEURSHIP'),
(115, '3udNFGOv', 2, 'dsds', 'enumeration', 1, 0, 0, 'dsdss', 1, 'none', 'none', 'none', 'ENTREPRENEURSHIP'),
(116, 'I93t9Haj', 1, 'qqqwqwq', 'enumeration', 1, 0, 0, 'wqwqwq', 1, 'none', 'none', 'none', 'ENTREPRENEURSHIP'),
(117, 'I93t9Haj', 2, 'dsds', 'enumeration', 1, 0, 0, 'dsdss', 1, 'none', 'none', 'none', 'ENTREPRENEURSHIP'),
(118, '2eb7oSeH', 1, 'qqqwqwq', 'enumeration', 1, 0, 0, 'wqwqwq', 1, 'none', 'none', 'none', 'ENTREPRENEURSHIP'),
(119, '2eb7oSeH', 2, 'dsds', 'enumeration', 1, 0, 0, 'dsdss', 1, 'none', 'none', 'none', 'ENTREPRENEURSHIP'),
(120, 'GC25rAug', 1, 'qqqwqwq', 'enumeration', 1, 0, 0, 'wqwqwq', 1, 'none', 'none', 'none', 'ENTREPRENEURSHIP'),
(121, 'GC25rAug', 2, 'dsds', 'enumeration', 1, 0, 0, 'dsdss', 1, 'none', 'none', 'none', 'ENTREPRENEURSHIP'),
(122, 'rVq9z5hc', 1, 'qqqwqwq', 'enumeration', 1, 0, 0, 'wqwqwq', 1, 'none', 'none', 'none', 'ENTREPRENEURSHIP'),
(123, 'rVq9z5hc', 2, 'dsds', 'enumeration', 1, 0, 0, 'dsdss', 1, 'none', 'none', 'none', 'ENTREPRENEURSHIP'),
(124, '5rVKnLLR', 1, 'q1', 'enumeration', 1, 0, 0, 'a1', 1, 'none', 'none', 'none', 'ENTREPRENEURSHIP'),
(125, 'BAucYBYD', 1, 'qqqwqwq', 'enumeration', 1, 0, 0, 'wqwqwq', 1, 'none', 'none', 'none', 'ENTREPRENEURSHIP'),
(126, 'BAucYBYD', 2, 'dsds', 'enumeration', 1, 0, 0, 'dsdss', 1, 'none', 'none', 'none', 'ENTREPRENEURSHIP'),
(127, 'wOeytUiP', 1, '1+1 = ?', 'enumeration', 1, 0, 0, '2', 1, 'none', 'none', 'none', 'CAPSTONE 2'),
(128, 'wOeytUiP', 2, '2+2 =?', 'enumeration', 1, 0, 0, '4', 1, 'none', 'none', 'none', 'CAPSTONE 2'),
(129, 'wOeytUiP', 3, 'what is the color of grapes?', 'choices', 1, 0, 0, 'none', 1, 'DVKMM8l5', 'none', 'none', 'CAPSTONE 2'),
(130, 'I2MQyc9T', 1, '1+1 = ?', 'enumeration', 1, 0, 0, '2', 1, 'none', 'none', 'none', 'CAPSTONE 2'),
(131, 'I2MQyc9T', 2, '2+2 =?', 'enumeration', 1, 0, 0, '4', 1, 'none', 'none', 'none', 'CAPSTONE 2'),
(132, 'I2MQyc9T', 3, 'what is the color of grapes?', 'choices', 1, 0, 0, 'none', 1, 'DVKMM8l5', 'none', 'none', 'CAPSTONE 2'),
(133, 'X6QZ7T5V', 1, 'what is?', 'enumeration', 1, 0, 0, 'apple', 1, 'none', 'none', 'none', 'NATIONAL SERVICE TRAINING PROGRAM 2'),
(134, 'X6QZ7T5V', 2, 'blue is?', 'choices', 1, 0, 0, 'none', 1, 'pQWOSluq', 'none', 'none', 'NATIONAL SERVICE TRAINING PROGRAM 2'),
(135, 'TLKUVR7R', 1, 'q1', 'enumeration', 1, 0, 0, 'a1', 1, 'none', 'none', 'none', 'ENTREPRENEURSHIP'),
(136, 'lclnS76e', 1, 'q1', 'enumeration', 1, 0, 0, 'a1', 1, 'none', 'none', 'none', 'ENTREPRENEURSHIP'),
(137, 'Ea5VXbZW', 1, 'q1', 'enumeration', 1, 0, 0, 'a1', 1, 'none', 'none', 'none', 'ENTREPRENEURSHIP'),
(138, 'Ea5VXbZW', 2, '1+1 = ?', 'enumeration', 1, 0, 0, '2', 1, 'none', 'none', 'none', 'CAPSTONE 2'),
(139, 'Ea5VXbZW', 3, '2+2 =?', 'enumeration', 1, 0, 0, '4', 1, 'none', 'none', 'none', 'CAPSTONE 2'),
(140, 'Ea5VXbZW', 4, 'what is the color of grapes?', 'choices', 1, 0, 0, 'none', 1, 'DVKMM8l5', 'none', 'none', 'CAPSTONE 2'),
(141, '95Q4bSLS', 1, 'q1', 'enumeration', 1, 0, 0, 'a1', 1, 'none', 'none', 'none', 'ENTREPRENEURSHIP'),
(142, '95Q4bSLS', 2, 'what is the color of grapes?', 'choices', 1, 0, 0, 'none', 1, 'DVKMM8l5', 'none', 'none', 'CAPSTONE 2'),
(143, 'qin8rID8', 1, 'q1', 'enumeration', 1, 0, 0, 'a1', 1, 'none', 'none', 'none', 'ENTREPRENEURSHIP'),
(144, 'qin8rID8', 2, 'what is the color of grapes?', 'choices', 1, 0, 0, 'none', 1, 'DVKMM8l5', 'none', 'none', 'CAPSTONE 2'),
(145, 'qin8rID8', 3, '1+1 = ?', 'enumeration', 1, 0, 0, '2', 1, 'none', 'none', 'none', 'CAPSTONE 2'),
(146, 'qin8rID8', 4, '2+2 =?', 'enumeration', 1, 0, 0, '4', 1, 'none', 'none', 'none', 'CAPSTONE 2'),
(147, 'aa96zKC3', 1, '1+1 = ?', 'enumeration', 1, 0, 0, '2', 1, 'none', 'none', 'none', 'CAPSTONE 2'),
(148, 'aa96zKC3', 2, '2+2 =?', 'enumeration', 1, 0, 0, '4', 1, 'none', 'none', 'none', 'CAPSTONE 2'),
(149, 'aa96zKC3', 3, 'what is the color of grapes?', 'choices', 1, 0, 0, 'none', 1, 'DVKMM8l5', 'none', 'none', 'CAPSTONE 2'),
(150, '61oE4vgu', 1, '1+1 = ?', 'enumeration', 1, 0, 0, '2', 1, 'none', 'none', 'none', 'CAPSTONE 2'),
(151, '61oE4vgu', 2, 'what is the color of grapes?', 'choices', 1, 0, 0, 'none', 1, 'DVKMM8l5', 'none', 'none', 'CAPSTONE 2'),
(152, 'vHg1ETZs', 1, 'what is green?', 'enumeration', 1, 1, 1, 'dsadsa', 1, 'none', 'Y39N7rdw', 'none', 'CAPSTONE 2'),
(153, 'vHg1ETZs', 2, 'dsadsa', 'choices', 1, 0, 0, 'none', 1, 'ge7FseO5', 'none', 'none', 'CAPSTONE 2'),
(154, 'vHg1ETZs', 3, 'none', 'fill', 1, 0, 0, 'none', 1, 'none', 'none', 'TFpXUsSo', 'CAPSTONE 2'),
(155, 'vHg1ETZs', 4, 'sadasds', 'True Or False', 1, 0, 0, '1', 1, 'none', 'none', 'none', 'CAPSTONE 2'),
(156, '8ePQ5du4', 1, 'what is green?', 'enumeration', 1, 1, 1, 'dsadsa', 1, 'none', 'Y39N7rdw', 'none', 'CAPSTONE 2'),
(157, '8ePQ5du4', 2, 'dsadsa', 'choices', 1, 0, 0, 'none', 1, 'ge7FseO5', 'none', 'none', 'CAPSTONE 2'),
(158, '8ePQ5du4', 3, 'none', 'fill', 1, 0, 0, 'none', 1, 'none', 'none', 'TFpXUsSo', 'CAPSTONE 2'),
(159, '8ePQ5du4', 4, 'sadasds', 'True Or False', 1, 0, 0, '1', 1, 'none', 'none', 'none', 'CAPSTONE 2');

-- --------------------------------------------------------

--
-- Table structure for table `quiz`
--

CREATE TABLE `quiz` (
  `quizID` varchar(10) NOT NULL,
  `quizTitle` varchar(50) NOT NULL,
  `quizInstructions` varchar(100) NOT NULL,
  `questionID` varchar(10) NOT NULL,
  `subjectName` varchar(50) NOT NULL,
  `totalPoints` int(10) NOT NULL,
  `totalQuestions` int(10) NOT NULL,
  `time` varchar(20) NOT NULL,
  `date` varchar(20) NOT NULL,
  `duration` int(10) NOT NULL,
  `random` varchar(10) NOT NULL,
  `autoView` varchar(10) NOT NULL
) ENGINE=InnoDB DEFAULT CHARSET=utf8mb4 COLLATE=utf8mb4_general_ci;

--
-- Dumping data for table `quiz`
--

INSERT INTO `quiz` (`quizID`, `quizTitle`, `quizInstructions`, `questionID`, `subjectName`, `totalPoints`, `totalQuestions`, `time`, `date`, `duration`, `random`, `autoView`) VALUES
('1bRWITVE', 'new', 'dsa', '1bRWITVE', 'ENTREPRENEURSHIP', 2, 2, '03:35 AM', 'Mon Jan 22 2024', 0, '1', '0'),
('1Oc0uJXk', 'dsds', 'dsds', '1Oc0uJXk', 'ENTREPRENEURSHIP', 2, 2, '05:30 PM', 'Thu Jan 18 2024', 0, '1', '0'),
('2eb7oSeH', 'dsds', 'sds', '2eb7oSeH', 'ENTREPRENEURSHIP', 2, 2, '11:09 PM', 'Wed Jan 24 2024', 0, '1', '0'),
('2hegz6x0', 'ii', 'yy', '2hegz6x0', 'ENTREPRENEURSHIP', 3, 3, '03:17 AM', 'Tue Jan 23 2024', 0, '1', '0'),
('3udNFGOv', 'dsds', 'xcds', '3udNFGOv', 'ENTREPRENEURSHIP', 2, 2, '10:43 PM', 'Wed Jan 24 2024', 0, '1', '0'),
('5rVKnLLR', 'new1', 'new1', '5rVKnLLR', 'ENTREPRENEURSHIP', 1, 1, '06:51 PM', 'Sat Jan 27 2024', 0, '1', '0'),
('5wN0FIPg', 'fill3', 'fill3', '5wN0FIPg', 'CAPSTONE 1', 1, 1, '08:54 PM', 'Wed Jan 10 2024', 0, '', ''),
('61oE4vgu', '333', '22211', '61oE4vgu', 'CAPSTONE 2', 2, 2, '10:09 PM', 'Sun Jan 28 2024', 0, '1', '0'),
('7RT1GEjq', 'dsds', 'dsd', '7RT1GEjq', 'ENTREPRENEURSHIP', 2, 2, '05:20 PM', 'Thu Jan 18 2024', 0, '1', '0'),
('80yMURt9', 'fill test', 'fill test', '80yMURt9', 'CAPSTONE 1', 2, 2, '07:08 PM', 'Wed Jan 10 2024', 0, '', ''),
('8C1dpAwa', 'sched', 'sched', '8C1dpAwa', 'ENTREPRENEURSHIP', 2, 2, '09:20 PM', 'Wed Jan 24 2024', 0, '1', '0'),
('8ePQ5du4', 'ds', 'sds', '8ePQ5du4', 'CAPSTONE 2', 4, 4, '04:36 PM', 'Thu Feb 15 2024', 0, '1', '0'),
('8vnF2aqw', 'TEST QUIZZZ', 'TEST QUIZZZ', '8vnF2aqw', 'ENTREPRENEURSHIP', 3, 3, '01:32 AM', 'Tue Jan 23 2024', 2, '1', '0'),
('95Q4bSLS', '11', '22', '95Q4bSLS', 'CAPSTONE 2', 2, 2, '09:52 PM', 'Sun Jan 28 2024', 0, '1', '0'),
('A2w58lKx', 'adasd', 'dasd', 'A2w58lKx', 'ENTREPRENEURSHIP', 2, 2, '03:39 AM', 'Mon Jan 22 2024', 0, '1', '0'),
('a8q0tl12', 'sdsd', 'dfsdf', 'a8q0tl12', 'ENTREPRENEURSHIP', 2, 2, '05:21 PM', 'Thu Jan 18 2024', 0, '1', '0'),
('aa96zKC3', '22', '11', 'aa96zKC3', 'CAPSTONE 2', 3, 3, '10:08 PM', 'Sun Jan 28 2024', 0, '1', '0'),
('BAucYBYD', 'new quiz 1', 'Answer this', 'BAucYBYD', 'ENTREPRENEURSHIP', 2, 2, '09:40 PM', 'Sun Jan 28 2024', 0, '1', '0'),
('bbLmxfIX', 'ryetuerttyurt', 'tujrtujrttu', 'bbLmxfIX', 'ENTREPRENEURSHIP', 4, 3, '07:32 PM', 'Mon Jan 08 2024', 0, '', ''),
('Be2FdS94', 'dsds', 'dsds', 'Be2FdS94', 'ENTREPRENEURSHIP', 2, 2, '05:33 PM', 'Thu Jan 18 2024', 0, '1', '0'),
('bFONa9iv', 'asd', 'asd', 'bFONa9iv', 'SYSTEM ADMINISTRATION AND MAINTENANCE', 1, 1, '01:21 PM', 'Wed Dec 20 2023', 0, '', ''),
('bo8vvHHC', 'TORF TEST', 'TORF TEST', 'bo8vvHHC', 'CAPSTONE 1', 9, 2, '02:36 AM', 'Thu Jan 11 2024', 0, '', ''),
('BwZIUHhX', 'yq', 'iu', 'BwZIUHhX', 'ENTREPRENEURSHIP', 4, 4, '03:14 AM', 'Tue Jan 23 2024', 0, '1', '0'),
('ccoTQ4cw', 'dsds', 'dsds', 'ccoTQ4cw', 'ENTREPRENEURSHIP', 2, 2, '05:32 PM', 'Thu Jan 18 2024', 0, '1', '0'),
('ceHJ2Fo4', 'new', 'dsa', 'ceHJ2Fo4', 'ENTREPRENEURSHIP', 2, 2, '03:33 AM', 'Mon Jan 22 2024', 0, '1', '0'),
('doHqHU0T', 'tessss', 'sdsds', 'doHqHU0T', 'CAPSTONE 1', 11, 11, '10:59 AM', 'Tue Jan 09 2024', 0, '', ''),
('dtYyYLar', 'new new', 'new new', 'dtYyYLar', 'ENTREPRENEURSHIP', 2, 2, '05:36 PM', 'Thu Jan 18 2024', 0, '1', '0'),
('Ea5VXbZW', '11', '22', 'Ea5VXbZW', 'CAPSTONE 2', 4, 4, '09:51 PM', 'Sun Jan 28 2024', 0, '1', '0'),
('eAzK97X0', 'math', 'solve this', 'eAzK97X0', 'CAPSTONE 1', 2, 2, '02:06 PM', 'Fri Jan 12 2024', 0, '', ''),
('eFRypAzH', 'sa', 'sasa', 'eFRypAzH', 'PRINCIPLES AND STRATEGIES IN TEACHING', 2, 2, '03:13 PM', 'Fri Dec 15 2023', 0, '', ''),
('EhdZsd0a', 'dsdsds', 'esds', 'EhdZsd0a', 'ENTREPRENEURSHIP', 3, 3, '01:39 AM', 'Tue Jan 23 2024', 0, '1', '0'),
('ERZRWNY8', 'sdsds', 'dsd', 'ERZRWNY8', 'ENTREPRENEURSHIP', 2, 2, '05:10 PM', 'Thu Jan 18 2024', 0, '1', '0'),
('fh2Yto15', 'dsds', 'dsd', 'fh2Yto15', 'ENTREPRENEURSHIP', 4, 4, '06:49 PM', 'Thu Jan 18 2024', 0, '1', '0'),
('Fi2qqJFY', 'Exam', 'Please answer this', 'Fi2qqJFY', 'CAPSTONE 1', 3, 3, '04:47 AM', 'Wed Jan 24 2024', 0, '1', '0'),
('FlzwiDL6', 'new222', 'new222', 'FlzwiDL6', 'ENTREPRENEURSHIP', 3, 3, '01:52 AM', 'Tue Jan 23 2024', 0, '1', '0'),
('fP4FfsZc', 'TEST QUIZZZ', 'TEST QUIZZZ', 'fP4FfsZc', 'ENTREPRENEURSHIP', 3, 3, '01:27 AM', 'Tue Jan 23 2024', 2, '1', '0'),
('g4huIKeU', 'jijijij', 'jnjkbn', 'g4huIKeU', 'ENTREPRENEURSHIP', 2, 2, '02:52 AM', 'Mon Jan 22 2024', 0, '1', '0'),
('GC25rAug', 'asdsd', 'ds', 'GC25rAug', 'ENTREPRENEURSHIP', 2, 2, '11:13 PM', 'Wed Jan 24 2024', 0, '1', '0'),
('GcdMblht', 'TEST QUESTION', 'QUESTION INSTRUCTIONS', 'GcdMblht', 'CAPSTONE 1', 2, 2, '01:13 PM', 'Wed Jan 10 2024', 0, '', ''),
('GnFpkAec', 'dsdsds', 'dsds', 'GnFpkAec', 'ENTREPRENEURSHIP', 6, 6, '06:29 PM', 'Thu Jan 18 2024', 0, '1', '0'),
('hs4Rvbuu', 'dsds', 'dsds', 'hs4Rvbuu', 'ENTREPRENEURSHIP', 2, 2, '05:34 PM', 'Thu Jan 18 2024', 0, '1', '0'),
('hXqPgnW9', 'sample quiz', 'SAMPLE INSTRUCTION', 'hXqPgnW9', 'CAPSTONE 1', 8, 6, '09:11 PM', 'Wed Jan 10 2024', 0, '', ''),
('I2MQyc9T', 'math', 'answer this', 'I2MQyc9T', 'CAPSTONE 2', 3, 3, '09:44 PM', 'Sun Jan 28 2024', 0, '1', '0'),
('I93t9Haj', 'ddd', 'ddd', 'I93t9Haj', 'ENTREPRENEURSHIP', 2, 2, '11:04 PM', 'Wed Jan 24 2024', 0, '1', '0'),
('Iih6Mask', 'new one', 'new one', 'Iih6Mask', 'ENTREPRENEURSHIP', 2, 2, '03:58 AM', 'Mon Jan 22 2024', 0, '1', '0'),
('jOLgJf9O', 'dsds', 'dsds', 'jOLgJf9O', 'ENTREPRENEURSHIP', 2, 2, '05:33 PM', 'Thu Jan 18 2024', 0, '1', '0'),
('KLjbm47f', 'sample new', 'sample new', 'KLjbm47f', 'ENTREPRENEURSHIP', 2, 2, '03:50 AM', 'Mon Jan 22 2024', 0, '1', '0'),
('kRNZ6Pq6', 'asasssss', 'sas', 'kRNZ6Pq6', 'CAPSTONE 1', 5, 5, '10:54 AM', 'Mon Dec 18 2023', 0, '', ''),
('ku1WTrO2', 'TEST QUIZZZ', 'TEST QUIZZZ', 'ku1WTrO2', 'ENTREPRENEURSHIP', 3, 3, '01:27 AM', 'Tue Jan 23 2024', 2, '1', '0'),
('lBhM4tYt', 'dsdsds', 'esds', 'lBhM4tYt', 'ENTREPRENEURSHIP', 3, 3, '01:36 AM', 'Tue Jan 23 2024', 0, '1', '0'),
('lclnS76e', '11', '22', 'lclnS76e', 'ENTREPRENEURSHIP', 1, 1, '09:49 PM', 'Sun Jan 28 2024', 0, '1', '0'),
('lHkep6VL', 'testQuiz', 'instructions', 'lHkep6VL', 'CAPSTONE 1', 2, 2, '01:36 AM', 'Tue Jan 09 2024', 0, '', ''),
('mBd9IdW2', 'dsds', 'dasd', 'mBd9IdW2', 'ENTREPRENEURSHIP', 2, 2, '09:31 PM', 'Wed Jan 24 2024', 0, '1', '0'),
('mPNp1Gpi', 'choices quiz', 'test inst', 'mPNp1Gpi', 'CAPSTONE 1', 2, 2, '09:52 AM', 'Tue Jan 09 2024', 0, '', ''),
('OAIyKS7x', 'dsdsds', 'esds', 'OAIyKS7x', 'ENTREPRENEURSHIP', 3, 3, '01:36 AM', 'Tue Jan 23 2024', 0, '1', '0'),
('PoDIxrM7', 'asasasassss', 'sas', 'PoDIxrM7', 'CAPSTONE 1', 4, 4, '10:54 AM', 'Mon Dec 18 2023', 0, '', ''),
('QF8TQwkL', 'fill 3', 'fill 3', 'QF8TQwkL', 'CAPSTONE 1', 1, 1, '08:53 PM', 'Wed Jan 10 2024', 0, '', ''),
('QHsMKZZo', 'asdasd', 'sdas', 'QHsMKZZo', 'ENTREPRENEURSHIP', 1, 1, '10:01 PM', 'Wed Jan 24 2024', 0, '1', '0'),
('qin8rID8', '11', '22', 'qin8rID8', 'CAPSTONE 2', 4, 4, '09:53 PM', 'Sun Jan 28 2024', 0, '1', '0'),
('rVq9z5hc', 'new1', 'new1', 'rVq9z5hc', 'ENTREPRENEURSHIP', 2, 2, '11:16 PM', 'Wed Jan 24 2024', 0, '1', '0'),
('s0CCFZ56', 'dsds', 'dsds', 's0CCFZ56', 'ENTREPRENEURSHIP', 2, 2, '05:24 PM', 'Thu Jan 18 2024', 0, '1', '0'),
('S1rDDw8S', 'TESTING QUIZ', 'TESTING QUIZ', 'S1rDDw8S', 'ENTREPRENEURSHIP', 4, 4, '01:23 AM', 'Tue Jan 23 2024', 15, '1', '0'),
('TLKUVR7R', '11', '22', 'TLKUVR7R', 'ENTREPRENEURSHIP', 1, 1, '09:49 PM', 'Sun Jan 28 2024', 0, '1', '0'),
('u0j8FfTB', 'Take this', 'new quiz', 'u0j8FfTB', 'CAPSTONE 1', 2, 2, '04:55 AM', 'Wed Jan 24 2024', 0, '1', '0'),
('V6RgKaoR', 'random quiz', 'random quiz', 'V6RgKaoR', 'CAPSTONE 1', 4, 4, '07:47 PM', 'Thu Jan 11 2024', 0, '', ''),
('vu3lsDbm', 'dsdsd', 'dsad', 'vu3lsDbm', 'ENTREPRENEURSHIP', 1, 1, '03:56 AM', 'Mon Jan 22 2024', 0, '1', '0'),
('XnLKODbE', 'quiz 2', 'quiz2 ', 'XnLKODbE', 'CAPSTONE 1', 2, 2, '04:56 AM', 'Wed Jan 24 2024', 0, '1', '0'),
('xzJr9GpL', 'My personal', 'my instructions', 'xzJr9GpL', 'CAPSTONE 1', 14, 8, '03:32 PM', 'Sun Jan 07 2024', 0, '', ''),
('zgqARuqP', 'rtyhrtyh', 'yiut67yi', 'zgqARuqP', 'CAPSTONE 1', 2, 2, '07:35 PM', 'Mon Jan 08 2024', 0, '', ''),
('zIw4SgVX', 'tes tse', 'dsds', 'zIw4SgVX', 'CAPSTONE 1', 1, 1, '10:17 AM', 'Tue Jan 09 2024', 0, '', '');

-- --------------------------------------------------------

--
-- Table structure for table `reactions`
--

CREATE TABLE `reactions` (
  `id` int(10) NOT NULL,
  `reactID` varchar(10) NOT NULL,
  `postID` varchar(10) NOT NULL,
  `acctID` varchar(10) NOT NULL,
  `reactType` varchar(10) NOT NULL
) ENGINE=InnoDB DEFAULT CHARSET=utf8mb4 COLLATE=utf8mb4_general_ci;

--
-- Dumping data for table `reactions`
--

INSERT INTO `reactions` (`id`, `reactID`, `postID`, `acctID`, `reactType`) VALUES
(15, 'exzmCysf', 'jQ3BMZtE', 'VHXQ6s6O', 'heart'),
(28, '8aLHPx4c', 'jQ3BMZtE', 'un2kt7px', 'heart'),
(30, 'cZRSlXI2', 'jQ3BMZtE', 'un2kt7px', 'like'),
(33, 'ck49OhKA', 'sRy1F8C5', 'un2kt7px', 'heart'),
(37, 'NQimKeSM', 'sRy1F8C5', 'un2kt7px', 'like'),
(38, '44Buumeu', 'eYIFfaMC', 'un2kt7px', 'heart');

-- --------------------------------------------------------

--
-- Table structure for table `schedule`
--

CREATE TABLE `schedule` (
  `id` int(11) NOT NULL,
  `schedID` varchar(10) NOT NULL,
  `postID` varchar(10) NOT NULL,
  `schedDate` varchar(20) NOT NULL,
  `schedTime` varchar(20) NOT NULL,
  `dueDate` varchar(20) NOT NULL,
  `dueTime` varchar(20) NOT NULL,
  `closeDate` varchar(20) NOT NULL,
  `closeTime` varchar(20) NOT NULL
) ENGINE=InnoDB DEFAULT CHARSET=utf8mb4 COLLATE=utf8mb4_general_ci;

--
-- Dumping data for table `schedule`
--

INSERT INTO `schedule` (`id`, `schedID`, `postID`, `schedDate`, `schedTime`, `dueDate`, `dueTime`, `closeDate`, `closeTime`) VALUES
(1, '0', '0', '2024-01-05', '21:40', '2024-01-05', '09:40', '2024-02-02', '09:42'),
(2, '3avPzgqh', '3avPzgqh', '2024-01-05', '21:40', '2024-01-05', '09:40', '2024-02-02', '09:42'),
(3, 'tI3g2tQ9', 'tI3g2tQ9', '2024-01-06', '23:24', '2024-01-11', '11:26', '2024-01-26', '23:30'),
(4, 'VSVhtT8V', 'VSVhtT8V', '2024-01-06', '23:33', '2024-01-11', '11:26', '2024-01-26', '23:30'),
(5, 'UasK8TY9', 'UasK8TY9', '2024-01-06', '23:35', '2024-01-11', '11:26', '2024-01-26', '23:30'),
(6, 'K2JCPYL1', 'K2JCPYL1', '2024-01-06', '23:38', '2024-01-11', '11:26', '2024-01-26', '23:30'),
(7, 'YkqaXCPa', 'YkqaXCPa', '2024-01-05', '15:36', '2024-01-04', '15:36', '2024-01-09', '15:36'),
(9, 'gR8lvZne', 'gR8lvZne', '2024-01-09', '10:36', '2024-01-09', '22:59', '2024-01-09', '12:37'),
(10, 'ahJUCxcA', 'ahJUCxcA', '2024-01-12', '00:52', '2024-01-12', '00:55', '2024-01-12', '02:49'),
(11, 'yfekruX4', 'yfekruX4', '2024-01-12', '00:55', '2024-01-12', '00:57', '2024-01-12', '00:59'),
(12, 'IlcRXYTQ', 'IlcRXYTQ', '2024-01-12', '01:18', '2024-01-12', '01:19', '2024-01-12', '01:20'),
(13, 'ypKGgGTl', 'ypKGgGTl', '2024-01-12', '01:25', '2024-01-12', '01:27', '2024-01-12', '01:28'),
(14, 'JINGVvZg', 'JINGVvZg', '2024-01-12', '01:25', '2024-01-12', '01:27', '2024-01-12', '01:28'),
(15, 'dfC0D6wE', 'dfC0D6wE', '2024-01-12', '01:26', '2024-01-12', '01:27', '2024-01-12', '01:28'),
(16, 'jhSV8vyg', 'jhSV8vyg', '2024-01-12', '01:31', '2024-01-12', '01:32', '2024-01-12', '01:33'),
(17, 'rhQQBMxm', 'rhQQBMxm', '2024-01-12', '01:34', '2024-01-12', '01:35', '2024-01-12', '01:37'),
(18, '5twE97vH', '5twE97vH', '2024-01-12', '01:36', '2024-01-12', '01:38', '2024-01-12', '01:39'),
(19, 'pl0JeYHG', 'pl0JeYHG', '2024-01-12', '01:40', '2024-01-12', '01:41', '2024-01-12', '01:43'),
(20, 'I8f2QtXY', 'I8f2QtXY', '2024-01-12', '01:42', '2024-01-12', '01:43', '2024-01-12', '01:44'),
(21, 'PLRihInp', 'PLRihInp', '2024-01-12', '01:44', '2024-01-12', '01:46', '2024-01-12', '01:47'),
(22, 'tKgzDEX9', 'tKgzDEX9', '2024-01-12', '01:47', '2024-01-12', '01:48', '2024-01-12', '01:50'),
(23, 'FpzVHB7H', 'FpzVHB7H', '2024-01-12', '01:55', '2024-01-12', '01:56', '2024-01-12', '01:57'),
(24, 'mhTBbzED', 'mhTBbzED', '2024-01-12', '01:56', '2024-01-12', '01:57', '2024-01-12', '01:58'),
(25, 'L2SzZkd8', 'L2SzZkd8', '2024-01-12', '01:59', '2024-01-12', '02:02', '2024-01-12', '04:57'),
(26, '5VVcmQoz', '5VVcmQoz', '2024-01-12', '02:01', '2024-01-12', '02:02', '2024-01-12', '02:04'),
(27, '7awqNn2j', '7awqNn2j', '2024-01-12', '02:04', '2024-01-12', '02:05', '2024-01-12', '02:06'),
(28, '1rRwFbrY', '1rRwFbrY', '2024-01-12', '02:07', '2024-01-12', '02:08', '2024-01-12', '02:08'),
(29, '0hXMRDTJ', '0hXMRDTJ', '2024-01-12', '02:09', '2024-01-12', '02:10', '2024-01-12', '02:12'),
(30, '81iCDN8M', '81iCDN8M', '2024-01-12', '02:12', '2024-01-12', '02:14', '2024-01-12', '02:16'),
(31, 'MvMx9bDP', 'MvMx9bDP', '2024-01-24', '21:32', '2024-01-24', '21:34', '2024-01-24', '21:36'),
(32, 'wjjVTthU', 'wjjVTthU', '2024-01-24', '21:47', '2024-01-24', '21:49', '2024-01-24', '21:50'),
(33, '7bKAL9bp', '7bKAL9bp', '2024-01-24', '21:51', '2024-01-24', '21:53', '2024-01-24', '21:54'),
(34, 'BhKgGzjg', 'BhKgGzjg', '2024-01-24', '10:03', '2024-01-24', '13:06', '2024-01-24', '22:09'),
(35, '5U1Pxqo3', '5U1Pxqo3', '2024-01-24', '22:18', '2024-01-24', '22:19', '2024-01-24', '22:20'),
(36, '9TDpoz1t', '9TDpoz1t', '2024-01-24', '22:21', '2024-01-24', '22:22', '2024-01-24', '22:23'),
(37, '1uBYyqV8', '1uBYyqV8', '2024-01-24', '22:21', '2024-01-24', '22:23', '2024-01-24', '22:25'),
(38, 'zRYOys38', 'zRYOys38', '2024-01-24', '22:24', '2024-01-24', '22:25', '2024-01-24', '22:26'),
(39, 'seggZkD6', 'seggZkD6', '2024-01-24', '22:44', '2024-01-24', '22:46', '2024-01-24', '22:47'),
(40, 'rUnVW4ol', 'rUnVW4ol', '2024-01-24', '22:46', '2024-01-24', '22:47', '2024-01-24', '22:48'),
(41, 'iJIFdl0W', 'iJIFdl0W', '2024-01-24', '22:50', '2024-01-24', '22:52', '2024-01-24', '22:53'),
(42, 'pfpemVYn', 'pfpemVYn', '2024-01-24', '22:51', '2024-01-24', '22:54', '2024-01-24', '22:53'),
(43, '0aNcEwzr', '0aNcEwzr', '2024-01-24', '22:55', '2024-01-24', '22:56', '2024-01-24', '22:57'),
(44, 'TeRUrigT', 'TeRUrigT', '2024-01-24', '23:01', '2024-01-24', '23:02', '2024-01-24', '23:03'),
(45, 'NDcGIk26', 'NDcGIk26', '2024-01-24', '23:07', '2024-01-24', '23:08', '2024-01-24', '23:09'),
(46, 'RUEpwIyI', 'RUEpwIyI', '2024-01-24', '23:12', '2024-01-24', '23:14', '2024-01-24', '23:15'),
(47, 'sRy1F8C5', 'sRy1F8C5', '2024-01-24', '23:15', '2024-01-24', '23:19', '2024-01-24', '23:22'),
(48, 'eYIFfaMC', 'eYIFfaMC', '2024-01-24', '23:19', '2024-01-24', '23:20', '2024-01-24', '23:20');

-- --------------------------------------------------------

--
-- Table structure for table `scores`
--

CREATE TABLE `scores` (
  `id` int(10) NOT NULL,
  `scoreID` varchar(10) NOT NULL,
  `quizID` varchar(10) NOT NULL,
  `acctID` varchar(10) NOT NULL,
  `fullname` varchar(100) NOT NULL,
  `score` int(10) NOT NULL
) ENGINE=InnoDB DEFAULT CHARSET=utf8mb4 COLLATE=utf8mb4_general_ci;

--
-- Dumping data for table `scores`
--

INSERT INTO `scores` (`id`, `scoreID`, `quizID`, `acctID`, `fullname`, `score`) VALUES
(1, 'XgP1I4Fc', 'bo8vvHHC', 'SNSBjwH9', 'Rumar C. Pamparo', 3),
(2, 'JHkb4Fal', 'bo8vvHHC', 'SNSBjwH9', 'Allan Jay', 3),
(3, 'I5HfyEZm', 'bo8vvHHC', 'SNSBjwH9', 'Mark ADDURU', 3),
(4, '1ED2sfbQ', 'bo8vvHHC', 'SNSBjwH9', 'Rumar C. Pamparo', 9),
(5, '8qlpWwtQ', 'bo8vvHHC', 'SNSBjwH9', 'Allan Jay', 3),
(6, 'JMvLliIN', 'bo8vvHHC', 'VHXQ6s6O', 'generateName', 9),
(7, 'dfllqGKq', 'eAzK97X0', 'VHXQ6s6O', 'Allan Jay', 2),
(8, 'yrXHzhG6', 'FlzwiDL6', 'VHXQ6s6O', 'Mark ADDURU', 3),
(9, 'MZGJr2uw', 'FlzwiDL6', 'VHXQ6s6O', 'Allan Jay C Caluigiran', 0),
(10, 'opM6FNen', '2hegz6x0', 'VHXQ6s6O', 'Allan Jay C Caluigiran', 0),
(12, 'C1a7Hafx', 'Fi2qqJFY', 'VHXQ6s6O', 'Allan Jay C Caluigiran', 0),
(14, 'Cj0KGjWg', 'XnLKODbE', 'VHXQ6s6O', 'Allan Jay C Caluigiran', 1),
(15, 'P9CcFxxX', 'BwZIUHhX', 'lLpiO905', 'JD B Tumaliuan', 0),
(16, 'y9znlTxJ', 'lclnS76e', 'VHXQ6s6O', 'Allan C Caluigiran', 0),
(17, '03tKjw3A', '5rVKnLLR', 'VHXQ6s6O', 'Allan C Caluigiran', 0),
(18, 'XvsUIbU5', '95Q4bSLS', 'SNSBjwH9', 'Reneal C Accad', 0),
(19, 'SqEi8Ljt', 'Ea5VXbZW', 'SNSBjwH9', 'Reneal C Accad', 3),
(20, 'U522yv6L', '95Q4bSLS', 'VHXQ6s6O', 'Allan C Caluigiran', 0),
(21, 'kX6nqSZ7', '95Q4bSLS', 'VHXQ6s6O', 'Allan C Caluigiran', 1),
(22, 'EyIqTJcY', 'Ea5VXbZW', 'VHXQ6s6O', 'Allan C Caluigiran', 3),
(23, 'AeMFHxaD', 'aa96zKC3', 'SNSBjwH9', 'Reneal C Accad', 1),
(24, 'RT344mpS', '61oE4vgu', 'SNSBjwH9', 'Reneal C Accad', 1),
(25, 'QIPHpF6D', '61oE4vgu', 'WhpOtets', 'Red H Ito ang laban', 2),
(26, '6v38vX8Y', '61oE4vgu', 'WhpOtets', 'Red H Ito ang laban', 1),
(27, 'Gx8ORzq6', 'QHsMKZZo', 'SNSBjwH9', 'Reneal C Accad', 0),
(28, 'D1MIgBxS', '8ePQ5du4', 'VHXQ6s6O', 'Allan C Caluigiran', 1);

-- --------------------------------------------------------

--
-- Table structure for table `subject`
--

CREATE TABLE `subject` (
  `id` int(10) NOT NULL,
  `subjectName` varchar(50) NOT NULL,
  `subjectCode` varchar(50) NOT NULL
) ENGINE=InnoDB DEFAULT CHARSET=utf8mb4 COLLATE=utf8mb4_general_ci;

--
-- Dumping data for table `subject`
--

INSERT INTO `subject` (`id`, `subjectName`, `subjectCode`) VALUES
(1, 'SYSTEM ADMINISTRATION AND MAINTENANCE', 'IT 412'),
(2, 'ENTREPRENEURSHIP', 'ELECTIVE 13'),
(3, 'CAPSTONE 2', 'IT 411'),
(4, 'PRINCIPLES AND STRATEGIES IN TEACHING', 'GEC 12'),
(5, 'SOCIAL AND PROFFESIONAL ISSUES', 'IT 326'),
(6, 'INFORMATION ASSURANCE AND SECURITY 2', 'IT 325'),
(7, 'TRACK ELECTIVE 4', 'IT 323'),
(8, 'TRACK ELECTIVE 3', '322'),
(9, 'SYSTEM INTEGRATION AND ARCHITECHTURE', 'IT 321'),
(10, 'SERVICE CULTURE', 'IT 317'),
(11, 'CONTEMPORARY WORLD', 'GEC 104'),
(13, 'PHYSICAL ACTIVITY TOWARDS HEALTH AND FITNESS II', 'PE 12'),
(14, 'NATIONAL SERVICE TRAINING PROGRAM 2', 'NSTP 12');

--
-- Indexes for dumped tables
--

--
-- Indexes for table `accounts`
--
ALTER TABLE `accounts`
  ADD PRIMARY KEY (`acctID`);

--
-- Indexes for table `choices`
--
ALTER TABLE `choices`
  ADD PRIMARY KEY (`id`);

--
-- Indexes for table `class`
--
ALTER TABLE `class`
  ADD PRIMARY KEY (`classID`);

--
-- Indexes for table `class_list`
--
ALTER TABLE `class_list`
  ADD PRIMARY KEY (`id`);

--
-- Indexes for table `comments`
--
ALTER TABLE `comments`
  ADD PRIMARY KEY (`id`);

--
-- Indexes for table `files`
--
ALTER TABLE `files`
  ADD PRIMARY KEY (`id`);

--
-- Indexes for table `filllayout`
--
ALTER TABLE `filllayout`
  ADD PRIMARY KEY (`id`);

--
-- Indexes for table `friends`
--
ALTER TABLE `friends`
  ADD PRIMARY KEY (`id`);

--
-- Indexes for table `image`
--
ALTER TABLE `image`
  ADD PRIMARY KEY (`id`);

--
-- Indexes for table `members`
--
ALTER TABLE `members`
  ADD PRIMARY KEY (`ID`);

--
-- Indexes for table `messages`
--
ALTER TABLE `messages`
  ADD PRIMARY KEY (`id`);

--
-- Indexes for table `post`
--
ALTER TABLE `post`
  ADD PRIMARY KEY (`id`);

--
-- Indexes for table `questionbank`
--
ALTER TABLE `questionbank`
  ADD PRIMARY KEY (`id`);

--
-- Indexes for table `questions`
--
ALTER TABLE `questions`
  ADD PRIMARY KEY (`id`);

--
-- Indexes for table `quiz`
--
ALTER TABLE `quiz`
  ADD PRIMARY KEY (`quizID`);

--
-- Indexes for table `reactions`
--
ALTER TABLE `reactions`
  ADD PRIMARY KEY (`id`);

--
-- Indexes for table `schedule`
--
ALTER TABLE `schedule`
  ADD PRIMARY KEY (`id`);

--
-- Indexes for table `scores`
--
ALTER TABLE `scores`
  ADD PRIMARY KEY (`id`);

--
-- Indexes for table `subject`
--
ALTER TABLE `subject`
  ADD PRIMARY KEY (`id`);

--
-- AUTO_INCREMENT for dumped tables
--

--
-- AUTO_INCREMENT for table `choices`
--
ALTER TABLE `choices`
  MODIFY `id` int(11) NOT NULL AUTO_INCREMENT, AUTO_INCREMENT=151;

--
-- AUTO_INCREMENT for table `class`
--
ALTER TABLE `class`
  MODIFY `classID` int(10) NOT NULL AUTO_INCREMENT, AUTO_INCREMENT=1982;

--
-- AUTO_INCREMENT for table `class_list`
--
ALTER TABLE `class_list`
  MODIFY `id` int(11) NOT NULL AUTO_INCREMENT, AUTO_INCREMENT=1835;

--
-- AUTO_INCREMENT for table `comments`
--
ALTER TABLE `comments`
  MODIFY `id` int(11) NOT NULL AUTO_INCREMENT, AUTO_INCREMENT=20;

--
-- AUTO_INCREMENT for table `files`
--
ALTER TABLE `files`
  MODIFY `id` int(10) NOT NULL AUTO_INCREMENT, AUTO_INCREMENT=44;

--
-- AUTO_INCREMENT for table `filllayout`
--
ALTER TABLE `filllayout`
  MODIFY `id` int(11) NOT NULL AUTO_INCREMENT, AUTO_INCREMENT=47;

--
-- AUTO_INCREMENT for table `friends`
--
ALTER TABLE `friends`
  MODIFY `id` int(10) NOT NULL AUTO_INCREMENT, AUTO_INCREMENT=109;

--
-- AUTO_INCREMENT for table `image`
--
ALTER TABLE `image`
  MODIFY `id` int(11) NOT NULL AUTO_INCREMENT, AUTO_INCREMENT=1902;

--
-- AUTO_INCREMENT for table `members`
--
ALTER TABLE `members`
  MODIFY `ID` int(10) NOT NULL AUTO_INCREMENT, AUTO_INCREMENT=1932;

--
-- AUTO_INCREMENT for table `messages`
--
ALTER TABLE `messages`
  MODIFY `id` int(11) NOT NULL AUTO_INCREMENT, AUTO_INCREMENT=107;

--
-- AUTO_INCREMENT for table `post`
--
ALTER TABLE `post`
  MODIFY `id` int(10) NOT NULL AUTO_INCREMENT, AUTO_INCREMENT=186;

--
-- AUTO_INCREMENT for table `questionbank`
--
ALTER TABLE `questionbank`
  MODIFY `id` int(11) NOT NULL AUTO_INCREMENT, AUTO_INCREMENT=13;

--
-- AUTO_INCREMENT for table `questions`
--
ALTER TABLE `questions`
  MODIFY `id` int(11) NOT NULL AUTO_INCREMENT, AUTO_INCREMENT=160;

--
-- AUTO_INCREMENT for table `reactions`
--
ALTER TABLE `reactions`
  MODIFY `id` int(10) NOT NULL AUTO_INCREMENT, AUTO_INCREMENT=40;

--
-- AUTO_INCREMENT for table `schedule`
--
ALTER TABLE `schedule`
  MODIFY `id` int(11) NOT NULL AUTO_INCREMENT, AUTO_INCREMENT=49;

--
-- AUTO_INCREMENT for table `scores`
--
ALTER TABLE `scores`
  MODIFY `id` int(10) NOT NULL AUTO_INCREMENT, AUTO_INCREMENT=29;

--
-- AUTO_INCREMENT for table `subject`
--
ALTER TABLE `subject`
  MODIFY `id` int(10) NOT NULL AUTO_INCREMENT, AUTO_INCREMENT=15;
COMMIT;

/*!40101 SET CHARACTER_SET_CLIENT=@OLD_CHARACTER_SET_CLIENT */;
/*!40101 SET CHARACTER_SET_RESULTS=@OLD_CHARACTER_SET_RESULTS */;
/*!40101 SET COLLATION_CONNECTION=@OLD_COLLATION_CONNECTION */;
